 db Skipped - Image is already present locally
 mailpit Skipped - Image is already present locally
 imgProxy Skipped - Image is already present locally
 vector Skipped - Image is already present locally
 postgres-meta Pulling
 api Skipped - Image is already present locally
 auth Skipped - Image is already present locally
 edgeRuntime Skipped - Image is already present locally
 logflare Pulling
 storage-api Pulling
 studio Pulling
 realtime Pulling
 kong Pulling
 b262bc412235 Pulling fs layer
 2d45ce7b8f46 Pulling fs layer
 1aa8c9185728 Pulling fs layer
 fe4196d71548 Pulling fs layer
 58f9673fed7b Pulling fs layer
 4c872ee11d8a Pulling fs layer
 4f4fb700ef54 Pulling fs layer
 653896432f81 Pulling fs layer
 6da109a7da3c Pulling fs layer
 b27ca18074db Pulling fs layer
 974e5f264dd7 Pulling fs layer
 a1db97f30142 Pulling fs layer
 4996c558ce2b Pulling fs layer
 16733d1099a5 Pulling fs layer
 0d8aa8e026f1 Pulling fs layer
 52cd27cac02e Pulling fs layer
 09ddda476dba Pulling fs layer
 d2f04496a183 Pulling fs layer
 9b530af76924 Pulling fs layer
 2dbdb94c282e Pulling fs layer
 6b2a68bc0240 Pulling fs layer
 efb8c6bed1c3 Pulling fs layer
 cd78ab0ac3d9 Pulling fs layer
 009217687f0b Pulling fs layer
 2612b50dac70 Pulling fs layer
 814dd06d26c7 Pulling fs layer
 213ec9aee27d Pulling fs layer
 a70653f7a2d5 Pulling fs layer
 531e3bd93090 Pulling fs layer
 814dd06d26c7 Download complete
 a53e41a06c62 Pulling fs layer
 5c32499ab806 Pulling fs layer
 4c2077547a6f Pulling fs layer
 4f4fb700ef54 Pulling fs layer
 735e7252498b Pulling fs layer
 98207d5a4564 Pulling fs layer
 d3f557879920 Pulling fs layer
 bd8399e6d4bf Pulling fs layer
 753b614cca79 Pulling fs layer
 8aa1fcdacf29 Pulling fs layer
 00e5a0d84ec7 Pulling fs layer
 8d1e059814b8 Pulling fs layer
 4f4fb700ef54 Already exists
 4f4fb700ef54 Pull complete
 90e6409bba99 Pulling fs layer
 3c02fd806613 Pulling fs layer
 cae77ffb92d9 Pulling fs layer
 6b291c391b0f Pulling fs layer
 e54aec64c365 Pulling fs layer
 666018dcd023 Pulling fs layer
 1cc42fcade0e Pulling fs layer
 ff86ea2e5edc Pulling fs layer
 804d4d68057c Pulling fs layer
 64cfb949317c Pulling fs layer
 a70653f7a2d5 Download complete
 73a3716cfa9b Download complete
 98207d5a4564 Download complete
 d3f557879920 Download complete
 8aa1fcdacf29 Download complete
 8d1e059814b8 Download complete
 90e6409bba99 Download complete
 213ec9aee27d Downloading [==================>                                ]  1.049MB/2.806MB
 213ec9aee27d Downloading [==================>                                ]  1.049MB/2.806MB
 213ec9aee27d Downloading [==================>                                ]  1.049MB/2.806MB
 4c2077547a6f Download complete
 213ec9aee27d Downloading [==================>                                ]  1.049MB/2.806MB
 e54aec64c365 Download complete
 213ec9aee27d Downloading [==================>                                ]  1.049MB/2.806MB
 f3420c52c7ea Downloading [==================================================>]  1.581kB/1.581kB
 213ec9aee27d Downloading [==================>                                ]  1.049MB/2.806MB
 1cc42fcade0e Download complete
 213ec9aee27d Downloading [==================>                                ]  1.049MB/2.806MB
 3c02fd806613 Download complete
 f3420c52c7ea Download complete
 213ec9aee27d Downloading [=====================================>             ]  2.097MB/2.806MB
 213ec9aee27d Downloading [=====================================>             ]  2.097MB/2.806MB
 666018dcd023 Download complete
 213ec9aee27d Downloading [=====================================>             ]  2.097MB/2.806MB
 213ec9aee27d Downloading [=====================================>             ]  2.097MB/2.806MB
 213ec9aee27d Downloading [=====================================>             ]  2.097MB/2.806MB
 531e3bd93090 Downloading [=>                                                 ]  1.049MB/46.53MB
 213ec9aee27d Downloading [=====================================>             ]  2.097MB/2.806MB
 735e7252498b Downloading [==>                                                ]  1.049MB/25.25MB
 753b614cca79 Downloading [>                                                  ]  1.049MB/53.29MB
 213ec9aee27d Downloading [=====================================>             ]  2.097MB/2.806MB
 531e3bd93090 Downloading [=>                                                 ]  1.049MB/46.53MB
 531e3bd93090 Downloading [=>                                                 ]  1.049MB/46.53MB
 213ec9aee27d Downloading [=====================================>             ]  2.097MB/2.806MB
 753b614cca79 Downloading [>                                                  ]  1.049MB/53.29MB
 00e5a0d84ec7 Downloading [===>                                               ]  1.049MB/14.23MB
 5c32499ab806 Downloading [=>                                                 ]  1.049MB/28.23MB
 735e7252498b Downloading [==>                                                ]  1.049MB/25.25MB
 6b291c391b0f Downloading [==============>                                    ]  1.049MB/3.519MB
 531e3bd93090 Downloading [=>                                                 ]  1.049MB/46.53MB
 213ec9aee27d Download complete
 5c32499ab806 Downloading [=>                                                 ]  1.049MB/28.23MB
 6b291c391b0f Downloading [==============>                                    ]  1.049MB/3.519MB
 735e7252498b Downloading [==>                                                ]  1.049MB/25.25MB
 753b614cca79 Downloading [>                                                  ]  1.049MB/53.29MB
 00e5a0d84ec7 Downloading [===>                                               ]  1.049MB/14.23MB
 213ec9aee27d Extracting 1 s
 531e3bd93090 Downloading [=>                                                 ]  1.049MB/46.53MB
 5c32499ab806 Downloading [=>                                                 ]  1.049MB/28.23MB
 735e7252498b Downloading [==>                                                ]  1.049MB/25.25MB
 753b614cca79 Downloading [>                                                  ]  1.049MB/53.29MB
 00e5a0d84ec7 Downloading [===>                                               ]  1.049MB/14.23MB
 6b291c391b0f Downloading [==============>                                    ]  1.049MB/3.519MB
 a70653f7a2d5 Pull complete
 213ec9aee27d Pull complete
 531e3bd93090 Downloading [=>                                                 ]  1.049MB/46.53MB
 6b291c391b0f Downloading [==============>                                    ]  1.049MB/3.519MB
 cae77ffb92d9 Downloading [==>                                                ]  1.049MB/24.13MB
 a53e41a06c62 Download complete
 753b614cca79 Downloading [>                                                  ]  1.049MB/53.29MB
 00e5a0d84ec7 Downloading [===>                                               ]  1.049MB/14.23MB
 5c32499ab806 Downloading [=>                                                 ]  1.049MB/28.23MB
 735e7252498b Downloading [==>                                                ]  1.049MB/25.25MB
 531e3bd93090 Downloading [==>                                                ]  2.097MB/46.53MB
 cae77ffb92d9 Downloading [==>                                                ]  1.049MB/24.13MB
 6b291c391b0f Downloading [==============>                                    ]  1.049MB/3.519MB
 753b614cca79 Downloading [>                                                  ]  1.049MB/53.29MB
 00e5a0d84ec7 Downloading [===>                                               ]  1.049MB/14.23MB
 5c32499ab806 Downloading [=>                                                 ]  1.049MB/28.23MB
 735e7252498b Downloading [==>                                                ]  1.049MB/25.25MB
 531e3bd93090 Downloading [==>                                                ]  2.097MB/46.53MB
 735e7252498b Downloading [==>                                                ]  1.049MB/25.25MB
 753b614cca79 Downloading [>                                                  ]  1.049MB/53.29MB
 00e5a0d84ec7 Downloading [=======>                                           ]  2.097MB/14.23MB
 5c32499ab806 Downloading [=>                                                 ]  1.049MB/28.23MB
 6b291c391b0f Downloading [==============>                                    ]  1.049MB/3.519MB
 cae77ffb92d9 Downloading [==>                                                ]  1.049MB/24.13MB
 531e3bd93090 Downloading [==>                                                ]  2.097MB/46.53MB
 753b614cca79 Downloading [>                                                  ]  1.049MB/53.29MB
 00e5a0d84ec7 Downloading [=======>                                           ]  2.097MB/14.23MB
 5c32499ab806 Downloading [===>                                               ]  2.097MB/28.23MB
 735e7252498b Downloading [==>                                                ]  1.049MB/25.25MB
 6b291c391b0f Downloading [==============>                                    ]  1.049MB/3.519MB
 cae77ffb92d9 Downloading [==>                                                ]  1.049MB/24.13MB
 531e3bd93090 Downloading [==>                                                ]  2.097MB/46.53MB
 5c32499ab806 Downloading [===>                                               ]  2.097MB/28.23MB
 735e7252498b Downloading [====>                                              ]  2.097MB/25.25MB
 bd8399e6d4bf Download complete
 753b614cca79 Downloading [=>                                                 ]  2.097MB/53.29MB
 00e5a0d84ec7 Downloading [=======>                                           ]  2.097MB/14.23MB
 6b291c391b0f Downloading [==============>                                    ]  1.049MB/3.519MB
 cae77ffb92d9 Downloading [==>                                                ]  1.049MB/24.13MB
 531e3bd93090 Downloading [==>                                                ]  2.097MB/46.53MB
 5c32499ab806 Downloading [===>                                               ]  2.097MB/28.23MB
 6b291c391b0f Downloading [=============================>                     ]  2.097MB/3.519MB
 cae77ffb92d9 Downloading [==>                                                ]  1.049MB/24.13MB
 ff86ea2e5edc Downloading [=>                                                 ]  1.049MB/28.24MB
 735e7252498b Downloading [====>                                              ]  2.097MB/25.25MB
 753b614cca79 Downloading [=>                                                 ]  2.097MB/53.29MB
 00e5a0d84ec7 Downloading [===========>                                       ]  3.146MB/14.23MB
 531e3bd93090 Downloading [==>                                                ]  2.097MB/46.53MB
 6b291c391b0f Downloading [=============================>                     ]  2.097MB/3.519MB
 753b614cca79 Downloading [=>                                                 ]  2.097MB/53.29MB
 00e5a0d84ec7 Downloading [===========>                                       ]  3.146MB/14.23MB
 5c32499ab806 Downloading [===>                                               ]  2.097MB/28.23MB
 735e7252498b Downloading [====>                                              ]  2.097MB/25.25MB
 cae77ffb92d9 Downloading [==>                                                ]  1.049MB/24.13MB
 ff86ea2e5edc Downloading [=>                                                 ]  1.049MB/28.24MB
 531e3bd93090 Downloading [===>                                               ]  3.146MB/46.53MB
 5c32499ab806 Downloading [===>                                               ]  2.097MB/28.23MB
 735e7252498b Downloading [====>                                              ]  2.097MB/25.25MB
 753b614cca79 Downloading [=>                                                 ]  2.097MB/53.29MB
 00e5a0d84ec7 Downloading [===========>                                       ]  3.146MB/14.23MB
 6b291c391b0f Downloading [=============================>                     ]  2.097MB/3.519MB
 804d4d68057c Downloading [=>                                                 ]  1.049MB/41.42MB
 cae77ffb92d9 Downloading [==>                                                ]  1.049MB/24.13MB
 ff86ea2e5edc Downloading [=>                                                 ]  1.049MB/28.24MB
 64cfb949317c Downloading [==============================>                    ]  1.049MB/1.713MB
 735e7252498b Downloading [====>                                              ]  2.097MB/25.25MB
 753b614cca79 Downloading [=>                                                 ]  2.097MB/53.29MB
 00e5a0d84ec7 Downloading [===========>                                       ]  3.146MB/14.23MB
 5c32499ab806 Downloading [===>                                               ]  2.097MB/28.23MB
 cae77ffb92d9 Downloading [==>                                                ]  1.049MB/24.13MB
 ff86ea2e5edc Downloading [=>                                                 ]  1.049MB/28.24MB
 64cfb949317c Downloading [==============================>                    ]  1.049MB/1.713MB
 6b291c391b0f Downloading [=============================>                     ]  2.097MB/3.519MB
 804d4d68057c Downloading [=>                                                 ]  1.049MB/41.42MB
 531e3bd93090 Downloading [===>                                               ]  3.146MB/46.53MB
 531e3bd93090 Downloading [===>                                               ]  3.146MB/46.53MB
 5c32499ab806 Downloading [=====>                                             ]  3.146MB/28.23MB
 735e7252498b Downloading [====>                                              ]  2.097MB/25.25MB
 753b614cca79 Downloading [=>                                                 ]  2.097MB/53.29MB
 00e5a0d84ec7 Downloading [==============>                                    ]  4.194MB/14.23MB
 6b291c391b0f Downloading [=============================>                     ]  2.097MB/3.519MB
 804d4d68057c Downloading [=>                                                 ]  1.049MB/41.42MB
 cae77ffb92d9 Downloading [==>                                                ]  1.049MB/24.13MB
 ff86ea2e5edc Downloading [=>                                                 ]  1.049MB/28.24MB
 64cfb949317c Downloading [==============================>                    ]  1.049MB/1.713MB
 6b291c391b0f Downloading [=============================>                     ]  2.097MB/3.519MB
 804d4d68057c Downloading [=>                                                 ]  1.049MB/41.42MB
 cae77ffb92d9 Downloading [====>                                              ]  2.097MB/24.13MB
 ff86ea2e5edc Downloading [=>                                                 ]  1.049MB/28.24MB
 64cfb949317c Downloading [==============================>                    ]  1.049MB/1.713MB
 531e3bd93090 Downloading [===>                                               ]  3.146MB/46.53MB
 753b614cca79 Downloading [=>                                                 ]  2.097MB/53.29MB
 00e5a0d84ec7 Downloading [==============>                                    ]  4.194MB/14.23MB
 5c32499ab806 Downloading [=====>                                             ]  3.146MB/28.23MB
 735e7252498b Downloading [====>                                              ]  2.097MB/25.25MB
 531e3bd93090 Downloading [===>                                               ]  3.146MB/46.53MB
 5c32499ab806 Downloading [=====>                                             ]  3.146MB/28.23MB
 735e7252498b Downloading [====>                                              ]  2.097MB/25.25MB
 753b614cca79 Downloading [=>                                                 ]  2.097MB/53.29MB
 00e5a0d84ec7 Downloading [==================>                                ]  5.243MB/14.23MB
 804d4d68057c Downloading [=>                                                 ]  1.049MB/41.42MB
 cae77ffb92d9 Downloading [====>                                              ]  2.097MB/24.13MB
 ff86ea2e5edc Downloading [=>                                                 ]  1.049MB/28.24MB
 64cfb949317c Download complete
 6b291c391b0f Downloading [=============================>                     ]  2.097MB/3.519MB
 531e3bd93090 Downloading [===>                                               ]  3.146MB/46.53MB
 804d4d68057c Downloading [==>                                                ]  2.097MB/41.42MB
 cae77ffb92d9 Downloading [====>                                              ]  2.097MB/24.13MB
 ff86ea2e5edc Downloading [=>                                                 ]  1.049MB/28.24MB
 6b291c391b0f Downloading [=============================>                     ]  2.097MB/3.519MB
 5c32499ab806 Downloading [=====>                                             ]  3.146MB/28.23MB
 735e7252498b Downloading [====>                                              ]  2.097MB/25.25MB
 753b614cca79 Downloading [=>                                                 ]  2.097MB/53.29MB
 00e5a0d84ec7 Downloading [==================>                                ]  5.243MB/14.23MB
 531e3bd93090 Downloading [====>                                              ]  4.194MB/46.53MB
 753b614cca79 Downloading [=>                                                 ]  2.097MB/53.29MB
 00e5a0d84ec7 Downloading [======================>                            ]  6.291MB/14.23MB
 5c32499ab806 Downloading [=====>                                             ]  3.146MB/28.23MB
 735e7252498b Downloading [======>                                            ]  3.146MB/25.25MB
 ff86ea2e5edc Downloading [=>                                                 ]  1.049MB/28.24MB
 6b291c391b0f Downloading [=============================>                     ]  2.097MB/3.519MB
 804d4d68057c Downloading [==>                                                ]  2.097MB/41.42MB
 cae77ffb92d9 Downloading [====>                                              ]  2.097MB/24.13MB
 531e3bd93090 Downloading [====>                                              ]  4.194MB/46.53MB
 753b614cca79 Downloading [=>                                                 ]  2.097MB/53.29MB
 00e5a0d84ec7 Downloading [======================>                            ]  6.291MB/14.23MB
 5c32499ab806 Downloading [=====>                                             ]  3.146MB/28.23MB
 735e7252498b Downloading [======>                                            ]  3.146MB/25.25MB
 6b291c391b0f Downloading [=============================>                     ]  2.097MB/3.519MB
 804d4d68057c Downloading [===>                                               ]  3.146MB/41.42MB
 cae77ffb92d9 Downloading [====>                                              ]  2.097MB/24.13MB
 ff86ea2e5edc Downloading [=>                                                 ]  1.049MB/28.24MB
 531e3bd93090 Downloading [====>                                              ]  4.194MB/46.53MB
 753b614cca79 Downloading [==>                                                ]  3.146MB/53.29MB
 00e5a0d84ec7 Downloading [=========================>                         ]   7.34MB/14.23MB
 5c32499ab806 Downloading [=====>                                             ]  3.146MB/28.23MB
 735e7252498b Downloading [======>                                            ]  3.146MB/25.25MB
 6b291c391b0f Downloading [=============================>                     ]  2.097MB/3.519MB
 804d4d68057c Downloading [===>                                               ]  3.146MB/41.42MB
 cae77ffb92d9 Downloading [====>                                              ]  2.097MB/24.13MB
 ff86ea2e5edc Downloading [=>                                                 ]  1.049MB/28.24MB
 531e3bd93090 Downloading [====>                                              ]  4.194MB/46.53MB
 ff86ea2e5edc Downloading [=>                                                 ]  1.049MB/28.24MB
 6b291c391b0f Downloading [=============================>                     ]  2.097MB/3.519MB
 804d4d68057c Downloading [=====>                                             ]  4.194MB/41.42MB
 cae77ffb92d9 Downloading [====>                                              ]  2.097MB/24.13MB
 753b614cca79 Downloading [==>                                                ]  3.146MB/53.29MB
 00e5a0d84ec7 Downloading [=========================>                         ]   7.34MB/14.23MB
 5c32499ab806 Downloading [=======>                                           ]  4.194MB/28.23MB
 735e7252498b Downloading [======>                                            ]  3.146MB/25.25MB
 531e3bd93090 Downloading [====>                                              ]  4.194MB/46.53MB
 5c32499ab806 Downloading [=======>                                           ]  4.194MB/28.23MB
 735e7252498b Downloading [======>                                            ]  3.146MB/25.25MB
 753b614cca79 Downloading [==>                                                ]  3.146MB/53.29MB
 00e5a0d84ec7 Downloading [=========================>                         ]   7.34MB/14.23MB
 6b291c391b0f Downloading [=============================>                     ]  2.097MB/3.519MB
 804d4d68057c Downloading [=====>                                             ]  4.194MB/41.42MB
 cae77ffb92d9 Downloading [====>                                              ]  2.097MB/24.13MB
 ff86ea2e5edc Downloading [=>                                                 ]  1.049MB/28.24MB
 531e3bd93090 Downloading [====>                                              ]  4.194MB/46.53MB
 753b614cca79 Downloading [==>                                                ]  3.146MB/53.29MB
 00e5a0d84ec7 Downloading [=============================>                     ]  8.389MB/14.23MB
 5c32499ab806 Downloading [=======>                                           ]  4.194MB/28.23MB
 735e7252498b Downloading [======>                                            ]  3.146MB/25.25MB
 6b291c391b0f Downloading [=============================>                     ]  2.097MB/3.519MB
 804d4d68057c Downloading [======>                                            ]  5.243MB/41.42MB
 cae77ffb92d9 Downloading [====>                                              ]  2.097MB/24.13MB
 ff86ea2e5edc Downloading [=>                                                 ]  1.049MB/28.24MB
 753b614cca79 Downloading [==>                                                ]  3.146MB/53.29MB
 00e5a0d84ec7 Downloading [====================================>              ]  10.49MB/14.23MB
 5c32499ab806 Downloading [=======>                                           ]  4.194MB/28.23MB
 735e7252498b Downloading [======>                                            ]  3.146MB/25.25MB
 531e3bd93090 Downloading [====>                                              ]  4.194MB/46.53MB
 cae77ffb92d9 Downloading [====>                                              ]  2.097MB/24.13MB
 ff86ea2e5edc Downloading [=>                                                 ]  1.049MB/28.24MB
 6b291c391b0f Downloading [=============================>                     ]  2.097MB/3.519MB
 804d4d68057c Downloading [======>                                            ]  5.243MB/41.42MB
 531e3bd93090 Downloading [====>                                              ]  4.194MB/46.53MB
 6b291c391b0f Downloading [=============================>                     ]  2.097MB/3.519MB
 804d4d68057c Downloading [=======>                                           ]  6.291MB/41.42MB
 cae77ffb92d9 Downloading [====>                                              ]  2.097MB/24.13MB
 ff86ea2e5edc Downloading [=>                                                 ]  1.049MB/28.24MB
 753b614cca79 Downloading [==>                                                ]  3.146MB/53.29MB
 00e5a0d84ec7 Downloading [====================================>              ]  10.49MB/14.23MB
 5c32499ab806 Downloading [=======>                                           ]  4.194MB/28.23MB
 735e7252498b Downloading [======>                                            ]  3.146MB/25.25MB
 531e3bd93090 Downloading [=====>                                             ]  5.243MB/46.53MB
 6b291c391b0f Downloading [============================================>      ]  3.146MB/3.519MB
 804d4d68057c Downloading [========>                                          ]   7.34MB/41.42MB
 cae77ffb92d9 Downloading [====>                                              ]  2.097MB/24.13MB
 ff86ea2e5edc Downloading [=>                                                 ]  1.049MB/28.24MB
 735e7252498b Downloading [======>                                            ]  3.146MB/25.25MB
 753b614cca79 Downloading [==>                                                ]  3.146MB/53.29MB
 00e5a0d84ec7 Downloading [====================================>              ]  10.49MB/14.23MB
 5c32499ab806 Downloading [=======>                                           ]  4.194MB/28.23MB
 531e3bd93090 Downloading [=====>                                             ]  5.243MB/46.53MB
 cae77ffb92d9 Downloading [====>                                              ]  2.097MB/24.13MB
 ff86ea2e5edc Downloading [=>                                                 ]  1.049MB/28.24MB
 6b291c391b0f Downloading [============================================>      ]  3.146MB/3.519MB
 804d4d68057c Downloading [========>                                          ]   7.34MB/41.42MB
 753b614cca79 Downloading [==>                                                ]  3.146MB/53.29MB
 00e5a0d84ec7 Downloading [====================================>              ]  10.49MB/14.23MB
 5c32499ab806 Downloading [=======>                                           ]  4.194MB/28.23MB
 735e7252498b Downloading [======>                                            ]  3.146MB/25.25MB
 531e3bd93090 Downloading [=====>                                             ]  5.243MB/46.53MB
 5c32499ab806 Downloading [=======>                                           ]  4.194MB/28.23MB
 735e7252498b Downloading [======>                                            ]  3.146MB/25.25MB
 6b291c391b0f Download complete
 753b614cca79 Downloading [==>                                                ]  3.146MB/53.29MB
 00e5a0d84ec7 Downloading [========================================>          ]  11.53MB/14.23MB
 804d4d68057c Downloading [========>                                          ]   7.34MB/41.42MB
 cae77ffb92d9 Downloading [====>                                              ]  2.097MB/24.13MB
 ff86ea2e5edc Downloading [=>                                                 ]  1.049MB/28.24MB
 531e3bd93090 Downloading [======>                                            ]  6.291MB/46.53MB
 804d4d68057c Downloading [==========>                                        ]  8.389MB/41.42MB
 cae77ffb92d9 Downloading [======>                                            ]  3.146MB/24.13MB
 ff86ea2e5edc Downloading [=>                                                 ]  1.049MB/28.24MB
 753b614cca79 Downloading [==>                                                ]  3.146MB/53.29MB
 00e5a0d84ec7 Downloading [============================================>      ]  12.58MB/14.23MB
 5c32499ab806 Downloading [=========>                                         ]  5.243MB/28.23MB
 735e7252498b Downloading [========>                                          ]  4.194MB/25.25MB
 531e3bd93090 Downloading [======>                                            ]  6.291MB/46.53MB
 804d4d68057c Downloading [==========>                                        ]  8.389MB/41.42MB
 753b614cca79 Downloading [==>                                                ]  3.146MB/53.29MB
 cae77ffb92d9 Downloading [======>                                            ]  3.146MB/24.13MB
 00e5a0d84ec7 Downloading [===============================================>   ]  13.63MB/14.23MB
 5c32499ab806 Downloading [=========>                                         ]  5.243MB/28.23MB
 735e7252498b Downloading [========>                                          ]  4.194MB/25.25MB
 ff86ea2e5edc Downloading [=>                                                 ]  1.049MB/28.24MB
 753b614cca79 Downloading [===>                                               ]  4.194MB/53.29MB
 00e5a0d84ec7 Downloading [==================================================>]  14.23MB/14.23MB
 5c32499ab806 Downloading [=========>                                         ]  5.243MB/28.23MB
 735e7252498b Downloading [========>                                          ]  4.194MB/25.25MB
 804d4d68057c Downloading [==========>                                        ]  8.389MB/41.42MB
 cae77ffb92d9 Downloading [======>                                            ]  3.146MB/24.13MB
 ff86ea2e5edc Downloading [===>                                               ]  2.097MB/28.24MB
 531e3bd93090 Downloading [=======>                                           ]   7.34MB/46.53MB
 531e3bd93090 Downloading [=======>                                           ]   7.34MB/46.53MB
 5c32499ab806 Downloading [=========>                                         ]  5.243MB/28.23MB
 735e7252498b Downloading [========>                                          ]  4.194MB/25.25MB
 753b614cca79 Downloading [===>                                               ]  4.194MB/53.29MB
 804d4d68057c Downloading [===========>                                       ]  9.437MB/41.42MB
 cae77ffb92d9 Downloading [======>                                            ]  3.146MB/24.13MB
 ff86ea2e5edc Downloading [===>                                               ]  2.097MB/28.24MB
 00e5a0d84ec7 Download complete
 531e3bd93090 Downloading [=======>                                           ]   7.34MB/46.53MB
 753b614cca79 Downloading [===>                                               ]  4.194MB/53.29MB
 5c32499ab806 Downloading [=========>                                         ]  5.243MB/28.23MB
 735e7252498b Downloading [========>                                          ]  4.194MB/25.25MB
 804d4d68057c Downloading [===========>                                       ]  9.437MB/41.42MB
 cae77ffb92d9 Downloading [======>                                            ]  3.146MB/24.13MB
 ff86ea2e5edc Downloading [===>                                               ]  2.097MB/28.24MB
 531e3bd93090 Downloading [=========>                                         ]  8.389MB/46.53MB
 5c32499ab806 Downloading [===========>                                       ]  6.291MB/28.23MB
 735e7252498b Downloading [========>                                          ]  4.194MB/25.25MB
 753b614cca79 Downloading [===>                                               ]  4.194MB/53.29MB
 804d4d68057c Downloading [============>                                      ]  10.49MB/41.42MB
 cae77ffb92d9 Downloading [======>                                            ]  3.146MB/24.13MB
 ff86ea2e5edc Downloading [===>                                               ]  2.097MB/28.24MB
 531e3bd93090 Downloading [=========>                                         ]  8.389MB/46.53MB
 5c32499ab806 Downloading [===========>                                       ]  6.291MB/28.23MB
 804d4d68057c Downloading [============>                                      ]  10.49MB/41.42MB
 cae77ffb92d9 Downloading [======>                                            ]  3.146MB/24.13MB
 ff86ea2e5edc Downloading [===>                                               ]  2.097MB/28.24MB
 735e7252498b Downloading [========>                                          ]  4.194MB/25.25MB
 753b614cca79 Downloading [===>                                               ]  4.194MB/53.29MB
 531e3bd93090 Downloading [==========>                                        ]  9.437MB/46.53MB
 804d4d68057c Downloading [=============>                                     ]  11.53MB/41.42MB
 cae77ffb92d9 Downloading [======>                                            ]  3.146MB/24.13MB
 ff86ea2e5edc Downloading [===>                                               ]  2.097MB/28.24MB
 5c32499ab806 Downloading [===========>                                       ]  6.291MB/28.23MB
 735e7252498b Downloading [========>                                          ]  4.194MB/25.25MB
 753b614cca79 Downloading [===>                                               ]  4.194MB/53.29MB
 531e3bd93090 Downloading [==========>                                        ]  9.437MB/46.53MB
 753b614cca79 Downloading [===>                                               ]  4.194MB/53.29MB
 5c32499ab806 Downloading [=============>                                     ]   7.34MB/28.23MB
 735e7252498b Downloading [========>                                          ]  4.194MB/25.25MB
 804d4d68057c Downloading [===============>                                   ]  12.58MB/41.42MB
 cae77ffb92d9 Downloading [======>                                            ]  3.146MB/24.13MB
 ff86ea2e5edc Downloading [===>                                               ]  2.097MB/28.24MB
 531e3bd93090 Downloading [==========>                                        ]  9.437MB/46.53MB
 5c32499ab806 Downloading [=============>                                     ]   7.34MB/28.23MB
 735e7252498b Downloading [========>                                          ]  4.194MB/25.25MB
 753b614cca79 Downloading [===>                                               ]  4.194MB/53.29MB
 804d4d68057c Downloading [===============>                                   ]  12.58MB/41.42MB
 cae77ffb92d9 Downloading [======>                                            ]  3.146MB/24.13MB
 ff86ea2e5edc Downloading [===>                                               ]  2.097MB/28.24MB
 531e3bd93090 Downloading [===========>                                       ]  10.49MB/46.53MB
 735e7252498b Downloading [==========>                                        ]  5.243MB/25.25MB
 753b614cca79 Downloading [===>                                               ]  4.194MB/53.29MB
 5c32499ab806 Downloading [=============>                                     ]   7.34MB/28.23MB
 804d4d68057c Downloading [================>                                  ]  13.63MB/41.42MB
 cae77ffb92d9 Downloading [======>                                            ]  3.146MB/24.13MB
 ff86ea2e5edc Downloading [===>                                               ]  2.097MB/28.24MB
 531e3bd93090 Downloading [===========>                                       ]  10.49MB/46.53MB
 5c32499ab806 Downloading [=============>                                     ]   7.34MB/28.23MB
 735e7252498b Downloading [==========>                                        ]  5.243MB/25.25MB
 753b614cca79 Downloading [===>                                               ]  4.194MB/53.29MB
 804d4d68057c Downloading [=================>                                 ]  14.68MB/41.42MB
 cae77ffb92d9 Downloading [======>                                            ]  3.146MB/24.13MB
 ff86ea2e5edc Downloading [===>                                               ]  2.097MB/28.24MB
 531e3bd93090 Downloading [===========>                                       ]  10.49MB/46.53MB
 5c32499ab806 Downloading [=============>                                     ]   7.34MB/28.23MB
 735e7252498b Downloading [==========>                                        ]  5.243MB/25.25MB
 753b614cca79 Downloading [===>                                               ]  4.194MB/53.29MB
 804d4d68057c Downloading [==================>                                ]  15.73MB/41.42MB
 cae77ffb92d9 Downloading [========>                                          ]  4.194MB/24.13MB
 ff86ea2e5edc Downloading [===>                                               ]  2.097MB/28.24MB
 531e3bd93090 Downloading [============>                                      ]  11.53MB/46.53MB
 753b614cca79 Downloading [===>                                               ]  4.194MB/53.29MB
 5c32499ab806 Downloading [==============>                                    ]  8.389MB/28.23MB
 735e7252498b Downloading [==========>                                        ]  5.243MB/25.25MB
 804d4d68057c Downloading [==================>                                ]  15.73MB/41.42MB
 cae77ffb92d9 Downloading [========>                                          ]  4.194MB/24.13MB
 ff86ea2e5edc Downloading [===>                                               ]  2.097MB/28.24MB
 531e3bd93090 Downloading [============>                                      ]  11.53MB/46.53MB
 753b614cca79 Downloading [====>                                              ]  5.243MB/53.29MB
 5c32499ab806 Downloading [==============>                                    ]  8.389MB/28.23MB
 735e7252498b Downloading [==========>                                        ]  5.243MB/25.25MB
 804d4d68057c Downloading [====================>                              ]  16.78MB/41.42MB
 cae77ffb92d9 Downloading [========>                                          ]  4.194MB/24.13MB
 ff86ea2e5edc Downloading [=====>                                             ]  3.146MB/28.24MB
 531e3bd93090 Downloading [============>                                      ]  11.53MB/46.53MB
 804d4d68057c Downloading [====================>                              ]  16.78MB/41.42MB
 cae77ffb92d9 Downloading [========>                                          ]  4.194MB/24.13MB
 ff86ea2e5edc Downloading [=====>                                             ]  3.146MB/28.24MB
 753b614cca79 Downloading [====>                                              ]  5.243MB/53.29MB
 5c32499ab806 Downloading [==============>                                    ]  8.389MB/28.23MB
 735e7252498b Downloading [==========>                                        ]  5.243MB/25.25MB
 531e3bd93090 Downloading [=============>                                     ]  12.58MB/46.53MB
 5c32499ab806 Downloading [==============>                                    ]  8.389MB/28.23MB
 735e7252498b Downloading [==========>                                        ]  5.243MB/25.25MB
 753b614cca79 Downloading [====>                                              ]  5.243MB/53.29MB
 cae77ffb92d9 Downloading [========>                                          ]  4.194MB/24.13MB
 ff86ea2e5edc Downloading [=====>                                             ]  3.146MB/28.24MB
 804d4d68057c Downloading [=====================>                             ]  17.83MB/41.42MB
 531e3bd93090 Downloading [=============>                                     ]  12.58MB/46.53MB
 5c32499ab806 Downloading [================>                                  ]  9.437MB/28.23MB
 735e7252498b Downloading [==========>                                        ]  5.243MB/25.25MB
 804d4d68057c Downloading [======================>                            ]  18.87MB/41.42MB
 cae77ffb92d9 Downloading [========>                                          ]  4.194MB/24.13MB
 ff86ea2e5edc Downloading [=====>                                             ]  3.146MB/28.24MB
 753b614cca79 Downloading [====>                                              ]  5.243MB/53.29MB
 531e3bd93090 Downloading [==============>                                    ]  13.63MB/46.53MB
 5c32499ab806 Downloading [================>                                  ]  9.437MB/28.23MB
 735e7252498b Downloading [==========>                                        ]  5.243MB/25.25MB
 753b614cca79 Downloading [====>                                              ]  5.243MB/53.29MB
 804d4d68057c Downloading [========================>                          ]  19.92MB/41.42MB
 cae77ffb92d9 Downloading [========>                                          ]  4.194MB/24.13MB
 ff86ea2e5edc Downloading [=====>                                             ]  3.146MB/28.24MB
 531e3bd93090 Downloading [==============>                                    ]  13.63MB/46.53MB
 5c32499ab806 Downloading [================>                                  ]  9.437MB/28.23MB
 735e7252498b Downloading [==========>                                        ]  5.243MB/25.25MB
 753b614cca79 Downloading [====>                                              ]  5.243MB/53.29MB
 804d4d68057c Downloading [=========================>                         ]  20.97MB/41.42MB
 cae77ffb92d9 Downloading [========>                                          ]  4.194MB/24.13MB
 ff86ea2e5edc Downloading [=====>                                             ]  3.146MB/28.24MB
 531e3bd93090 Downloading [==============>                                    ]  13.63MB/46.53MB
 753b614cca79 Downloading [====>                                              ]  5.243MB/53.29MB
 5c32499ab806 Downloading [================>                                  ]  9.437MB/28.23MB
 735e7252498b Downloading [==========>                                        ]  5.243MB/25.25MB
 804d4d68057c Downloading [=========================>                         ]  20.97MB/41.42MB
 cae77ffb92d9 Downloading [========>                                          ]  4.194MB/24.13MB
 ff86ea2e5edc Downloading [=====>                                             ]  3.146MB/28.24MB
 531e3bd93090 Downloading [===============>                                   ]  14.68MB/46.53MB
 804d4d68057c Downloading [==========================>                        ]  22.02MB/41.42MB
 cae77ffb92d9 Downloading [========>                                          ]  4.194MB/24.13MB
 ff86ea2e5edc Downloading [=====>                                             ]  3.146MB/28.24MB
 753b614cca79 Downloading [====>                                              ]  5.243MB/53.29MB
 5c32499ab806 Downloading [================>                                  ]  9.437MB/28.23MB
 735e7252498b Downloading [============>                                      ]  6.291MB/25.25MB
 531e3bd93090 Downloading [===============>                                   ]  14.68MB/46.53MB
 804d4d68057c Downloading [===========================>                       ]  23.07MB/41.42MB
 cae77ffb92d9 Downloading [========>                                          ]  4.194MB/24.13MB
 ff86ea2e5edc Downloading [=====>                                             ]  3.146MB/28.24MB
 5c32499ab806 Downloading [==================>                                ]  10.49MB/28.23MB
 735e7252498b Downloading [============>                                      ]  6.291MB/25.25MB
 753b614cca79 Downloading [====>                                              ]  5.243MB/53.29MB
 531e3bd93090 Downloading [===============>                                   ]  14.68MB/46.53MB
 804d4d68057c Downloading [=============================>                     ]  24.12MB/41.42MB
 cae77ffb92d9 Downloading [========>                                          ]  4.194MB/24.13MB
 ff86ea2e5edc Downloading [=====>                                             ]  3.146MB/28.24MB
 5c32499ab806 Downloading [==================>                                ]  10.49MB/28.23MB
 735e7252498b Downloading [============>                                      ]  6.291MB/25.25MB
 753b614cca79 Downloading [====>                                              ]  5.243MB/53.29MB
 531e3bd93090 Downloading [================>                                  ]  15.73MB/46.53MB
 804d4d68057c Downloading [=============================>                     ]  24.12MB/41.42MB
 cae77ffb92d9 Downloading [========>                                          ]  4.194MB/24.13MB
 ff86ea2e5edc Downloading [=====>                                             ]  3.146MB/28.24MB
 753b614cca79 Downloading [====>                                              ]  5.243MB/53.29MB
 5c32499ab806 Downloading [==================>                                ]  10.49MB/28.23MB
 735e7252498b Downloading [============>                                      ]  6.291MB/25.25MB
 531e3bd93090 Downloading [================>                                  ]  15.73MB/46.53MB
 753b614cca79 Downloading [====>                                              ]  5.243MB/53.29MB
 5c32499ab806 Downloading [==================>                                ]  10.49MB/28.23MB
 735e7252498b Downloading [============>                                      ]  6.291MB/25.25MB
 804d4d68057c Downloading [==============================>                    ]  25.17MB/41.42MB
 cae77ffb92d9 Downloading [========>                                          ]  4.194MB/24.13MB
 ff86ea2e5edc Downloading [=====>                                             ]  3.146MB/28.24MB
 531e3bd93090 Downloading [================>                                  ]  15.73MB/46.53MB
 804d4d68057c Downloading [==============================>                    ]  25.17MB/41.42MB
 cae77ffb92d9 Downloading [==========>                                        ]  5.243MB/24.13MB
 ff86ea2e5edc Downloading [=====>                                             ]  3.146MB/28.24MB
 5c32499ab806 Downloading [==================>                                ]  10.49MB/28.23MB
 735e7252498b Downloading [============>                                      ]  6.291MB/25.25MB
 753b614cca79 Downloading [=====>                                             ]  6.291MB/53.29MB
 531e3bd93090 Downloading [================>                                  ]  15.73MB/46.53MB
 5c32499ab806 Downloading [==================>                                ]  10.49MB/28.23MB
 735e7252498b Downloading [============>                                      ]  6.291MB/25.25MB
 753b614cca79 Downloading [=====>                                             ]  6.291MB/53.29MB
 804d4d68057c Downloading [==============================>                    ]  25.17MB/41.42MB
 cae77ffb92d9 Downloading [==========>                                        ]  5.243MB/24.13MB
 ff86ea2e5edc Downloading [=====>                                             ]  3.146MB/28.24MB
 531e3bd93090 Downloading [==================>                                ]  16.78MB/46.53MB
 5c32499ab806 Downloading [====================>                              ]  11.53MB/28.23MB
 735e7252498b Downloading [============>                                      ]  6.291MB/25.25MB
 753b614cca79 Downloading [=====>                                             ]  6.291MB/53.29MB
 804d4d68057c Downloading [===============================>                   ]  26.21MB/41.42MB
 cae77ffb92d9 Downloading [==========>                                        ]  5.243MB/24.13MB
 ff86ea2e5edc Downloading [=====>                                             ]  3.146MB/28.24MB
 531e3bd93090 Downloading [==================>                                ]  16.78MB/46.53MB
 735e7252498b Downloading [============>                                      ]  6.291MB/25.25MB
 753b614cca79 Downloading [=====>                                             ]  6.291MB/53.29MB
 5c32499ab806 Downloading [====================>                              ]  11.53MB/28.23MB
 ff86ea2e5edc Downloading [=======>                                           ]  4.194MB/28.24MB
 804d4d68057c Downloading [================================>                  ]  27.26MB/41.42MB
 cae77ffb92d9 Downloading [==========>                                        ]  5.243MB/24.13MB
 531e3bd93090 Downloading [===================>                               ]  17.83MB/46.53MB
 5c32499ab806 Downloading [====================>                              ]  11.53MB/28.23MB
 804d4d68057c Downloading [==================================>                ]  28.31MB/41.42MB
 cae77ffb92d9 Downloading [==========>                                        ]  5.243MB/24.13MB
 ff86ea2e5edc Downloading [=======>                                           ]  4.194MB/28.24MB
 735e7252498b Downloading [============>                                      ]  6.291MB/25.25MB
 753b614cca79 Downloading [=====>                                             ]  6.291MB/53.29MB
 531e3bd93090 Downloading [===================>                               ]  17.83MB/46.53MB
 804d4d68057c Downloading [===================================>               ]  29.36MB/41.42MB
 cae77ffb92d9 Downloading [==========>                                        ]  5.243MB/24.13MB
 ff86ea2e5edc Downloading [=======>                                           ]  4.194MB/28.24MB
 753b614cca79 Downloading [=====>                                             ]  6.291MB/53.29MB
 5c32499ab806 Downloading [======================>                            ]  12.58MB/28.23MB
 735e7252498b Downloading [============>                                      ]  6.291MB/25.25MB
 531e3bd93090 Downloading [===================>                               ]  17.83MB/46.53MB
 753b614cca79 Downloading [=====>                                             ]  6.291MB/53.29MB
 5c32499ab806 Downloading [======================>                            ]  12.58MB/28.23MB
 735e7252498b Downloading [============>                                      ]  6.291MB/25.25MB
 ff86ea2e5edc Downloading [=======>                                           ]  4.194MB/28.24MB
 804d4d68057c Downloading [===================================>               ]  29.36MB/41.42MB
 cae77ffb92d9 Downloading [==========>                                        ]  5.243MB/24.13MB
 531e3bd93090 Downloading [====================>                              ]  18.87MB/46.53MB
 804d4d68057c Downloading [====================================>              ]  30.41MB/41.42MB
 cae77ffb92d9 Downloading [==========>                                        ]  5.243MB/24.13MB
 ff86ea2e5edc Downloading [=======>                                           ]  4.194MB/28.24MB
 753b614cca79 Downloading [=====>                                             ]  6.291MB/53.29MB
 5c32499ab806 Downloading [======================>                            ]  12.58MB/28.23MB
 735e7252498b Downloading [==============>                                    ]   7.34MB/25.25MB
 531e3bd93090 Downloading [====================>                              ]  18.87MB/46.53MB
 753b614cca79 Downloading [=====>                                             ]  6.291MB/53.29MB
 5c32499ab806 Downloading [======================>                            ]  12.58MB/28.23MB
 735e7252498b Downloading [==============>                                    ]   7.34MB/25.25MB
 804d4d68057c Downloading [=====================================>             ]  31.46MB/41.42MB
 cae77ffb92d9 Downloading [==========>                                        ]  5.243MB/24.13MB
 ff86ea2e5edc Downloading [=======>                                           ]  4.194MB/28.24MB
 531e3bd93090 Downloading [====================>                              ]  18.87MB/46.53MB
 753b614cca79 Downloading [=====>                                             ]  6.291MB/53.29MB
 5c32499ab806 Downloading [========================>                          ]  13.63MB/28.23MB
 735e7252498b Downloading [==============>                                    ]   7.34MB/25.25MB
 804d4d68057c Downloading [=======================================>           ]  32.51MB/41.42MB
 cae77ffb92d9 Downloading [==========>                                        ]  5.243MB/24.13MB
 ff86ea2e5edc Downloading [=======>                                           ]  4.194MB/28.24MB
 531e3bd93090 Downloading [=====================>                             ]  19.92MB/46.53MB
 753b614cca79 Downloading [=====>                                             ]  6.291MB/53.29MB
 5c32499ab806 Downloading [========================>                          ]  13.63MB/28.23MB
 735e7252498b Downloading [==============>                                    ]   7.34MB/25.25MB
 804d4d68057c Downloading [=======================================>           ]  32.51MB/41.42MB
 cae77ffb92d9 Downloading [==========>                                        ]  5.243MB/24.13MB
 ff86ea2e5edc Downloading [=======>                                           ]  4.194MB/28.24MB
 531e3bd93090 Downloading [=====================>                             ]  19.92MB/46.53MB
 5c32499ab806 Downloading [========================>                          ]  13.63MB/28.23MB
 735e7252498b Downloading [==============>                                    ]   7.34MB/25.25MB
 753b614cca79 Downloading [=====>                                             ]  6.291MB/53.29MB
 cae77ffb92d9 Downloading [==========>                                        ]  5.243MB/24.13MB
 ff86ea2e5edc Downloading [=======>                                           ]  4.194MB/28.24MB
 804d4d68057c Downloading [========================================>          ]  33.55MB/41.42MB
 531e3bd93090 Downloading [======================>                            ]  20.97MB/46.53MB
 5c32499ab806 Downloading [==========================>                        ]  14.68MB/28.23MB
 735e7252498b Downloading [==============>                                    ]   7.34MB/25.25MB
 753b614cca79 Downloading [======>                                            ]   7.34MB/53.29MB
 804d4d68057c Downloading [=========================================>         ]   34.6MB/41.42MB
 cae77ffb92d9 Downloading [==========>                                        ]  5.243MB/24.13MB
 ff86ea2e5edc Downloading [=======>                                           ]  4.194MB/28.24MB
 531e3bd93090 Downloading [======================>                            ]  20.97MB/46.53MB
 5c32499ab806 Downloading [==========================>                        ]  14.68MB/28.23MB
 735e7252498b Downloading [==============>                                    ]   7.34MB/25.25MB
 753b614cca79 Downloading [======>                                            ]   7.34MB/53.29MB
 804d4d68057c Downloading [===========================================>       ]  35.65MB/41.42MB
 cae77ffb92d9 Downloading [=============>                                     ]  6.291MB/24.13MB
 ff86ea2e5edc Downloading [=========>                                         ]  5.243MB/28.24MB
 753b614cca79 Downloading [======>                                            ]   7.34MB/53.29MB
 5c32499ab806 Downloading [==========================>                        ]  14.68MB/28.23MB
 735e7252498b Downloading [==============>                                    ]   7.34MB/25.25MB
 cae77ffb92d9 Downloading [=============>                                     ]  6.291MB/24.13MB
 ff86ea2e5edc Downloading [=========>                                         ]  5.243MB/28.24MB
 804d4d68057c Downloading [===========================================>       ]  35.65MB/41.42MB
 531e3bd93090 Downloading [======================>                            ]  20.97MB/46.53MB
 cae77ffb92d9 Downloading [=============>                                     ]  6.291MB/24.13MB
 ff86ea2e5edc Downloading [=========>                                         ]  5.243MB/28.24MB
 804d4d68057c Downloading [============================================>      ]   36.7MB/41.42MB
 531e3bd93090 Downloading [=======================>                           ]  22.02MB/46.53MB
 753b614cca79 Downloading [======>                                            ]   7.34MB/53.29MB
 5c32499ab806 Downloading [==========================>                        ]  14.68MB/28.23MB
 735e7252498b Downloading [==============>                                    ]   7.34MB/25.25MB
 531e3bd93090 Downloading [=======================>                           ]  22.02MB/46.53MB
 5c32499ab806 Downloading [===========================>                       ]  15.73MB/28.23MB
 735e7252498b Downloading [================>                                  ]  8.389MB/25.25MB
 753b614cca79 Downloading [======>                                            ]   7.34MB/53.29MB
 cae77ffb92d9 Downloading [=============>                                     ]  6.291MB/24.13MB
 ff86ea2e5edc Downloading [=========>                                         ]  5.243MB/28.24MB
 804d4d68057c Downloading [=============================================>     ]  37.75MB/41.42MB
 531e3bd93090 Downloading [=======================>                           ]  22.02MB/46.53MB
 804d4d68057c Downloading [=============================================>     ]  37.75MB/41.42MB
 cae77ffb92d9 Downloading [=============>                                     ]  6.291MB/24.13MB
 ff86ea2e5edc Downloading [=========>                                         ]  5.243MB/28.24MB
 5c32499ab806 Downloading [===========================>                       ]  15.73MB/28.23MB
 735e7252498b Downloading [================>                                  ]  8.389MB/25.25MB
 753b614cca79 Downloading [======>                                            ]   7.34MB/53.29MB
 531e3bd93090 Downloading [========================>                          ]  23.07MB/46.53MB
 5c32499ab806 Downloading [===========================>                       ]  15.73MB/28.23MB
 735e7252498b Downloading [================>                                  ]  8.389MB/25.25MB
 753b614cca79 Downloading [======>                                            ]   7.34MB/53.29MB
 804d4d68057c Downloading [==============================================>    ]   38.8MB/41.42MB
 cae77ffb92d9 Downloading [=============>                                     ]  6.291MB/24.13MB
 ff86ea2e5edc Downloading [=========>                                         ]  5.243MB/28.24MB
 531e3bd93090 Downloading [========================>                          ]  23.07MB/46.53MB
 5c32499ab806 Downloading [===========================>                       ]  15.73MB/28.23MB
 735e7252498b Downloading [================>                                  ]  8.389MB/25.25MB
 753b614cca79 Downloading [======>                                            ]   7.34MB/53.29MB
 804d4d68057c Downloading [================================================>  ]  39.85MB/41.42MB
 cae77ffb92d9 Downloading [=============>                                     ]  6.291MB/24.13MB
 ff86ea2e5edc Downloading [=========>                                         ]  5.243MB/28.24MB
 531e3bd93090 Downloading [=========================>                         ]  24.12MB/46.53MB
 5c32499ab806 Downloading [=============================>                     ]  16.78MB/28.23MB
 735e7252498b Downloading [================>                                  ]  8.389MB/25.25MB
 753b614cca79 Downloading [======>                                            ]   7.34MB/53.29MB
 804d4d68057c Downloading [================================================>  ]  39.85MB/41.42MB
 cae77ffb92d9 Downloading [=============>                                     ]  6.291MB/24.13MB
 ff86ea2e5edc Downloading [=========>                                         ]  5.243MB/28.24MB
 531e3bd93090 Downloading [=========================>                         ]  24.12MB/46.53MB
 753b614cca79 Downloading [======>                                            ]   7.34MB/53.29MB
 5c32499ab806 Downloading [=============================>                     ]  16.78MB/28.23MB
 735e7252498b Downloading [================>                                  ]  8.389MB/25.25MB
 804d4d68057c Downloading [=================================================> ]  40.89MB/41.42MB
 cae77ffb92d9 Downloading [=============>                                     ]  6.291MB/24.13MB
 ff86ea2e5edc Downloading [=========>                                         ]  5.243MB/28.24MB
 531e3bd93090 Downloading [===========================>                       ]  25.17MB/46.53MB
 cae77ffb92d9 Downloading [=============>                                     ]  6.291MB/24.13MB
 ff86ea2e5edc Downloading [===========>                                       ]  6.291MB/28.24MB
 804d4d68057c Downloading [==================================================>]  41.42MB/41.42MB
 735e7252498b Downloading [================>                                  ]  8.389MB/25.25MB
 753b614cca79 Downloading [======>                                            ]   7.34MB/53.29MB
 5c32499ab806 Downloading [===============================>                   ]  17.83MB/28.23MB
 531e3bd93090 Downloading [============================>                      ]  26.21MB/46.53MB
 804d4d68057c Download complete
 cae77ffb92d9 Downloading [=============>                                     ]  6.291MB/24.13MB
 ff86ea2e5edc Downloading [===========>                                       ]  6.291MB/28.24MB
 753b614cca79 Downloading [=======>                                           ]  8.389MB/53.29MB
 5c32499ab806 Downloading [=================================>                 ]  18.87MB/28.23MB
 735e7252498b Downloading [================>                                  ]  8.389MB/25.25MB
 753b614cca79 Downloading [=======>                                           ]  8.389MB/53.29MB
 5c32499ab806 Downloading [=================================>                 ]  18.87MB/28.23MB
 735e7252498b Downloading [================>                                  ]  8.389MB/25.25MB
 cae77ffb92d9 Downloading [=============>                                     ]  6.291MB/24.13MB
 ff86ea2e5edc Downloading [===========>                                       ]  6.291MB/28.24MB
 531e3bd93090 Downloading [============================>                      ]  26.21MB/46.53MB
 531e3bd93090 Downloading [=============================>                     ]  27.26MB/46.53MB
 cae77ffb92d9 Downloading [=============>                                     ]  6.291MB/24.13MB
 ff86ea2e5edc Downloading [===========>                                       ]  6.291MB/28.24MB
 753b614cca79 Downloading [=======>                                           ]  8.389MB/53.29MB
 5c32499ab806 Downloading [=================================>                 ]  18.87MB/28.23MB
 735e7252498b Downloading [================>                                  ]  8.389MB/25.25MB
 531e3bd93090 Downloading [=============================>                     ]  27.26MB/46.53MB
 753b614cca79 Downloading [=======>                                           ]  8.389MB/53.29MB
 5c32499ab806 Downloading [===================================>               ]  19.92MB/28.23MB
 735e7252498b Downloading [================>                                  ]  8.389MB/25.25MB
 cae77ffb92d9 Downloading [=============>                                     ]  6.291MB/24.13MB
 ff86ea2e5edc Downloading [===========>                                       ]  6.291MB/28.24MB
 531e3bd93090 Downloading [==============================>                    ]  28.31MB/46.53MB
 735e7252498b Downloading [==================>                                ]  9.437MB/25.25MB
 cae77ffb92d9 Downloading [===============>                                   ]   7.34MB/24.13MB
 ff86ea2e5edc Downloading [============>                                      ]   7.34MB/28.24MB
 753b614cca79 Downloading [=======>                                           ]  8.389MB/53.29MB
 5c32499ab806 Downloading [===================================>               ]  19.92MB/28.23MB
 531e3bd93090 Downloading [===============================>                   ]  29.36MB/46.53MB
 753b614cca79 Downloading [=======>                                           ]  8.389MB/53.29MB
 5c32499ab806 Downloading [=====================================>             ]  20.97MB/28.23MB
 735e7252498b Downloading [==================>                                ]  9.437MB/25.25MB
 cae77ffb92d9 Downloading [===============>                                   ]   7.34MB/24.13MB
 ff86ea2e5edc Downloading [============>                                      ]   7.34MB/28.24MB
 531e3bd93090 Downloading [===============================>                   ]  29.36MB/46.53MB
 5c32499ab806 Downloading [=====================================>             ]  20.97MB/28.23MB
 735e7252498b Downloading [==================>                                ]  9.437MB/25.25MB
 753b614cca79 Downloading [=======>                                           ]  8.389MB/53.29MB
 cae77ffb92d9 Downloading [===============>                                   ]   7.34MB/24.13MB
 ff86ea2e5edc Downloading [============>                                      ]   7.34MB/28.24MB
 531e3bd93090 Downloading [================================>                  ]  30.41MB/46.53MB
 753b614cca79 Downloading [=======>                                           ]  8.389MB/53.29MB
 5c32499ab806 Downloading [=======================================>           ]  22.02MB/28.23MB
 735e7252498b Downloading [==================>                                ]  9.437MB/25.25MB
 cae77ffb92d9 Downloading [===============>                                   ]   7.34MB/24.13MB
 ff86ea2e5edc Downloading [============>                                      ]   7.34MB/28.24MB
 531e3bd93090 Downloading [=================================>                 ]  31.46MB/46.53MB
 5c32499ab806 Downloading [=======================================>           ]  22.02MB/28.23MB
 735e7252498b Downloading [==================>                                ]  9.437MB/25.25MB
 753b614cca79 Downloading [=======>                                           ]  8.389MB/53.29MB
 cae77ffb92d9 Downloading [===============>                                   ]   7.34MB/24.13MB
 ff86ea2e5edc Downloading [============>                                      ]   7.34MB/28.24MB
 531e3bd93090 Downloading [==================================>                ]  32.51MB/46.53MB
 5c32499ab806 Downloading [========================================>          ]  23.07MB/28.23MB
 735e7252498b Downloading [==================>                                ]  9.437MB/25.25MB
 753b614cca79 Downloading [=======>                                           ]  8.389MB/53.29MB
 cae77ffb92d9 Downloading [===============>                                   ]   7.34MB/24.13MB
 ff86ea2e5edc Downloading [==============>                                    ]  8.389MB/28.24MB
 531e3bd93090 Downloading [==================================>                ]  32.51MB/46.53MB
 5c32499ab806 Downloading [========================================>          ]  23.07MB/28.23MB
 735e7252498b Downloading [==================>                                ]  9.437MB/25.25MB
 753b614cca79 Downloading [=======>                                           ]  8.389MB/53.29MB
 cae77ffb92d9 Downloading [===============>                                   ]   7.34MB/24.13MB
 ff86ea2e5edc Downloading [==============>                                    ]  8.389MB/28.24MB
 531e3bd93090 Downloading [====================================>              ]  33.55MB/46.53MB
 cae77ffb92d9 Downloading [===============>                                   ]   7.34MB/24.13MB
 ff86ea2e5edc Downloading [==============>                                    ]  8.389MB/28.24MB
 5c32499ab806 Downloading [==========================================>        ]  24.12MB/28.23MB
 735e7252498b Downloading [==================>                                ]  9.437MB/25.25MB
 753b614cca79 Downloading [========>                                          ]  9.437MB/53.29MB
 531e3bd93090 Downloading [=====================================>             ]   34.6MB/46.53MB
 753b614cca79 Downloading [========>                                          ]  9.437MB/53.29MB
 5c32499ab806 Downloading [==========================================>        ]  24.12MB/28.23MB
 735e7252498b Downloading [====================>                              ]  10.49MB/25.25MB
 cae77ffb92d9 Downloading [===============>                                   ]   7.34MB/24.13MB
 ff86ea2e5edc Downloading [==============>                                    ]  8.389MB/28.24MB
 cae77ffb92d9 Downloading [=================>                                 ]  8.389MB/24.13MB
 531e3bd93090 Downloading [======================================>            ]  35.65MB/46.53MB
 ff86ea2e5edc Downloading [================>                                  ]  9.437MB/28.24MB
 5c32499ab806 Downloading [============================================>      ]  25.17MB/28.23MB
 735e7252498b Downloading [====================>                              ]  10.49MB/25.25MB
 753b614cca79 Downloading [========>                                          ]  9.437MB/53.29MB
 531e3bd93090 Downloading [======================================>            ]  35.65MB/46.53MB
 753b614cca79 Downloading [========>                                          ]  9.437MB/53.29MB
 5c32499ab806 Downloading [============================================>      ]  25.17MB/28.23MB
 cae77ffb92d9 Downloading [=================>                                 ]  8.389MB/24.13MB
 ff86ea2e5edc Downloading [================>                                  ]  9.437MB/28.24MB
 735e7252498b Downloading [====================>                              ]  10.49MB/25.25MB
 531e3bd93090 Downloading [=======================================>           ]   36.7MB/46.53MB
 753b614cca79 Downloading [========>                                          ]  9.437MB/53.29MB
 5c32499ab806 Downloading [==============================================>    ]  26.21MB/28.23MB
 735e7252498b Downloading [====================>                              ]  10.49MB/25.25MB
 cae77ffb92d9 Downloading [=================>                                 ]  8.389MB/24.13MB
 ff86ea2e5edc Downloading [================>                                  ]  9.437MB/28.24MB
 531e3bd93090 Downloading [=======================================>           ]   36.7MB/46.53MB
 753b614cca79 Downloading [========>                                          ]  9.437MB/53.29MB
 5c32499ab806 Downloading [==============================================>    ]  26.21MB/28.23MB
 735e7252498b Downloading [====================>                              ]  10.49MB/25.25MB
 cae77ffb92d9 Downloading [=================>                                 ]  8.389MB/24.13MB
 ff86ea2e5edc Downloading [================>                                  ]  9.437MB/28.24MB
 531e3bd93090 Downloading [========================================>          ]  37.75MB/46.53MB
 5c32499ab806 Downloading [================================================>  ]  27.26MB/28.23MB
 735e7252498b Downloading [====================>                              ]  10.49MB/25.25MB
 753b614cca79 Downloading [========>                                          ]  9.437MB/53.29MB
 cae77ffb92d9 Downloading [=================>                                 ]  8.389MB/24.13MB
 ff86ea2e5edc Downloading [==================>                                ]  10.49MB/28.24MB
 531e3bd93090 Downloading [=========================================>         ]   38.8MB/46.53MB
 735e7252498b Downloading [====================>                              ]  10.49MB/25.25MB
 753b614cca79 Downloading [========>                                          ]  9.437MB/53.29MB
 5c32499ab806 Downloading [================================================>  ]  27.26MB/28.23MB
 cae77ffb92d9 Downloading [=================>                                 ]  8.389MB/24.13MB
 ff86ea2e5edc Downloading [==================>                                ]  10.49MB/28.24MB
 531e3bd93090 Downloading [==========================================>        ]  39.85MB/46.53MB
 5c32499ab806 Downloading [==================================================>]  28.23MB/28.23MB
 735e7252498b Downloading [====================>                              ]  10.49MB/25.25MB
 753b614cca79 Downloading [========>                                          ]  9.437MB/53.29MB
 cae77ffb92d9 Downloading [=================>                                 ]  8.389MB/24.13MB
 ff86ea2e5edc Downloading [==================>                                ]  10.49MB/28.24MB
 531e3bd93090 Downloading [==========================================>        ]  39.85MB/46.53MB
 cae77ffb92d9 Downloading [=================>                                 ]  8.389MB/24.13MB
 ff86ea2e5edc Downloading [==================>                                ]  10.49MB/28.24MB
 5c32499ab806 Download complete
 735e7252498b Downloading [======================>                            ]  11.53MB/25.25MB
 753b614cca79 Downloading [=========>                                         ]  10.49MB/53.29MB
 5c32499ab806 Extracting 1 s
 cae77ffb92d9 Downloading [===================>                               ]  9.437MB/24.13MB
 ff86ea2e5edc Downloading [====================>                              ]  11.53MB/28.24MB
 531e3bd93090 Downloading [===========================================>       ]  40.89MB/46.53MB
 753b614cca79 Downloading [=========>                                         ]  10.49MB/53.29MB
 735e7252498b Downloading [======================>                            ]  11.53MB/25.25MB
 5c32499ab806 Extracting 1 s
 531e3bd93090 Downloading [=============================================>     ]  41.94MB/46.53MB
 735e7252498b Downloading [======================>                            ]  11.53MB/25.25MB
 753b614cca79 Downloading [=========>                                         ]  10.49MB/53.29MB
 cae77ffb92d9 Downloading [===================>                               ]  9.437MB/24.13MB
 ff86ea2e5edc Downloading [====================>                              ]  11.53MB/28.24MB
 5c32499ab806 Extracting 1 s
 753b614cca79 Downloading [=========>                                         ]  10.49MB/53.29MB
 735e7252498b Downloading [======================>                            ]  11.53MB/25.25MB
 cae77ffb92d9 Downloading [===================>                               ]  9.437MB/24.13MB
 ff86ea2e5edc Downloading [====================>                              ]  11.53MB/28.24MB
 531e3bd93090 Downloading [==============================================>    ]  42.99MB/46.53MB
 5c32499ab806 Extracting 1 s
 531e3bd93090 Downloading [===============================================>   ]  44.04MB/46.53MB
 cae77ffb92d9 Downloading [===================>                               ]  9.437MB/24.13MB
 ff86ea2e5edc Downloading [======================>                            ]  12.58MB/28.24MB
 753b614cca79 Downloading [=========>                                         ]  10.49MB/53.29MB
 735e7252498b Downloading [======================>                            ]  11.53MB/25.25MB
 5c32499ab806 Extracting 1 s
 cae77ffb92d9 Downloading [===================>                               ]  9.437MB/24.13MB
 ff86ea2e5edc Downloading [======================>                            ]  12.58MB/28.24MB
 531e3bd93090 Downloading [================================================>  ]  45.09MB/46.53MB
 735e7252498b Downloading [=======================>                           ]  12.03MB/25.25MB
 753b614cca79 Downloading [==========>                                        ]  11.49MB/53.29MB
 5c32499ab806 Extracting 1 s
 531e3bd93090 Downloading [================================================>  ]  45.09MB/46.53MB
 ff86ea2e5edc Downloading [======================>                            ]  12.58MB/28.24MB
 cae77ffb92d9 Downloading [===================>                               ]  9.437MB/24.13MB
 735e7252498b Downloading [========================>                          ]  12.58MB/25.25MB
 753b614cca79 Downloading [==========>                                        ]  11.53MB/53.29MB
 5c32499ab806 Extracting 1 s
 531e3bd93090 Downloading [================================================>  ]  45.09MB/46.53MB
 cae77ffb92d9 Downloading [===================>                               ]  9.437MB/24.13MB
 ff86ea2e5edc Downloading [======================>                            ]  12.58MB/28.24MB
 753b614cca79 Downloading [==========>                                        ]  11.53MB/53.29MB
 735e7252498b Downloading [========================>                          ]  12.58MB/25.25MB
 5c32499ab806 Extracting 1 s
 531e3bd93090 Downloading [==================================================>]  46.53MB/46.53MB
 cae77ffb92d9 Downloading [=====================>                             ]  10.49MB/24.13MB
 ff86ea2e5edc Downloading [========================>                          ]  13.63MB/28.24MB
 753b614cca79 Downloading [==========>                                        ]  11.53MB/53.29MB
 735e7252498b Downloading [========================>                          ]  12.58MB/25.25MB
 5c32499ab806 Extracting 1 s
 531e3bd93090 Download complete
 cae77ffb92d9 Downloading [=====================>                             ]  10.49MB/24.13MB
 ff86ea2e5edc Downloading [========================>                          ]  13.63MB/28.24MB
 735e7252498b Downloading [==========================>                        ]  13.63MB/25.25MB
 753b614cca79 Downloading [===========>                                       ]  12.58MB/53.29MB
 531e3bd93090 Extracting 1 s
 5c32499ab806 Extracting 1 s
 735e7252498b Downloading [==========================>                        ]  13.63MB/25.25MB
 753b614cca79 Downloading [===========>                                       ]  12.58MB/53.29MB
 cae77ffb92d9 Downloading [=====================>                             ]  10.49MB/24.13MB
 ff86ea2e5edc Downloading [=========================>                         ]  14.68MB/28.24MB
 5c32499ab806 Extracting 1 s
 753b614cca79 Downloading [===========>                                       ]  12.58MB/53.29MB
 735e7252498b Downloading [==========================>                        ]  13.63MB/25.25MB
 cae77ffb92d9 Downloading [=====================>                             ]  10.49MB/24.13MB
 ff86ea2e5edc Downloading [=========================>                         ]  14.68MB/28.24MB
 5c32499ab806 Extracting 2 s
 753b614cca79 Downloading [===========>                                       ]  12.58MB/53.29MB
 735e7252498b Downloading [=============================>                     ]  14.68MB/25.25MB
 cae77ffb92d9 Downloading [=======================>                           ]  11.53MB/24.13MB
 ff86ea2e5edc Downloading [===========================>                       ]  15.73MB/28.24MB
 5c32499ab806 Extracting 2 s
 735e7252498b Downloading [=============================>                     ]  14.68MB/25.25MB
 753b614cca79 Downloading [============>                                      ]  13.63MB/53.29MB
 cae77ffb92d9 Downloading [=======================>                           ]  11.53MB/24.13MB
 ff86ea2e5edc Downloading [===========================>                       ]  15.73MB/28.24MB
 5c32499ab806 Extracting 2 s
 735e7252498b Downloading [=============================>                     ]  14.68MB/25.25MB
 753b614cca79 Downloading [============>                                      ]  13.63MB/53.29MB
 ff86ea2e5edc Downloading [=============================>                     ]  16.78MB/28.24MB
 cae77ffb92d9 Downloading [=======================>                           ]  11.53MB/24.13MB
 5c32499ab806 Extracting 2 s
 753b614cca79 Downloading [============>                                      ]  13.63MB/53.29MB
 735e7252498b Downloading [===============================>                   ]  15.73MB/25.25MB
 cae77ffb92d9 Downloading [=======================>                           ]  11.53MB/24.13MB
 ff86ea2e5edc Downloading [===============================>                   ]  17.83MB/28.24MB
 5c32499ab806 Extracting 2 s
 735e7252498b Downloading [===============================>                   ]  15.73MB/25.25MB
 753b614cca79 Downloading [=============>                                     ]  14.68MB/53.29MB
 cae77ffb92d9 Downloading [=======================>                           ]  11.53MB/24.13MB
 ff86ea2e5edc Downloading [===============================>                   ]  17.83MB/28.24MB
 5c32499ab806 Extracting 2 s
 753b614cca79 Downloading [=============>                                     ]  14.68MB/53.29MB
 735e7252498b Downloading [===============================>                   ]  15.73MB/25.25MB
 cae77ffb92d9 Downloading [==========================>                        ]  12.58MB/24.13MB
 ff86ea2e5edc Downloading [=================================>                 ]  18.87MB/28.24MB
 5c32499ab806 Pull complete
 cae77ffb92d9 Downloading [==========================>                        ]  12.58MB/24.13MB
 ff86ea2e5edc Downloading [=================================>                 ]  18.87MB/28.24MB
 735e7252498b Downloading [=================================>                 ]  16.78MB/25.25MB
 753b614cca79 Downloading [=============>                                     ]  14.68MB/53.29MB
 cae77ffb92d9 Downloading [==========================>                        ]  12.58MB/24.13MB
 ff86ea2e5edc Downloading [=================================>                 ]  18.87MB/28.24MB
 735e7252498b Downloading [=================================>                 ]  16.78MB/25.25MB
 753b614cca79 Downloading [=============>                                     ]  14.68MB/53.29MB
 735e7252498b Downloading [=================================>                 ]  16.78MB/25.25MB
 753b614cca79 Downloading [==============>                                    ]  15.73MB/53.29MB
 cae77ffb92d9 Downloading [==========================>                        ]  12.58MB/24.13MB
 ff86ea2e5edc Downloading [===================================>               ]  19.92MB/28.24MB
 735e7252498b Downloading [=================================>                 ]  16.78MB/25.25MB
 753b614cca79 Downloading [==============>                                    ]  15.73MB/53.29MB
 cae77ffb92d9 Downloading [==========================>                        ]  12.58MB/24.13MB
 ff86ea2e5edc Downloading [===================================>               ]  19.92MB/28.24MB
 cae77ffb92d9 Downloading [============================>                      ]  13.63MB/24.13MB
 ff86ea2e5edc Downloading [=====================================>             ]  20.97MB/28.24MB
 753b614cca79 Downloading [==============>                                    ]  15.73MB/53.29MB
 735e7252498b Downloading [===================================>               ]  17.83MB/25.25MB
 735e7252498b Downloading [===================================>               ]  17.83MB/25.25MB
 753b614cca79 Downloading [===============>                                   ]  16.78MB/53.29MB
 cae77ffb92d9 Downloading [============================>                      ]  13.63MB/24.13MB
 ff86ea2e5edc Downloading [=====================================>             ]  20.97MB/28.24MB
 cae77ffb92d9 Downloading [============================>                      ]  13.63MB/24.13MB
 ff86ea2e5edc Downloading [======================================>            ]  22.02MB/28.24MB
 753b614cca79 Downloading [===============>                                   ]  16.78MB/53.29MB
 735e7252498b Downloading [=====================================>             ]  18.87MB/25.25MB
 753b614cca79 Downloading [===============>                                   ]  16.78MB/53.29MB
 735e7252498b Downloading [=====================================>             ]  18.87MB/25.25MB
 cae77ffb92d9 Downloading [============================>                      ]  13.63MB/24.13MB
 ff86ea2e5edc Downloading [======================================>            ]  22.02MB/28.24MB
 cae77ffb92d9 Downloading [============================>                      ]  13.63MB/24.13MB
 ff86ea2e5edc Downloading [========================================>          ]  23.07MB/28.24MB
 735e7252498b Downloading [=====================================>             ]  18.87MB/25.25MB
 753b614cca79 Downloading [================>                                  ]  17.83MB/53.29MB
 735e7252498b Downloading [=======================================>           ]  19.92MB/25.25MB
 753b614cca79 Downloading [================>                                  ]  17.83MB/53.29MB
 cae77ffb92d9 Downloading [==============================>                    ]  14.68MB/24.13MB
 ff86ea2e5edc Downloading [========================================>          ]  23.07MB/28.24MB
 735e7252498b Downloading [=======================================>           ]  19.92MB/25.25MB
 753b614cca79 Downloading [================>                                  ]  17.83MB/53.29MB
 ff86ea2e5edc Downloading [==========================================>        ]  24.12MB/28.24MB
 cae77ffb92d9 Downloading [==============================>                    ]  14.68MB/24.13MB
 cae77ffb92d9 Downloading [==============================>                    ]  14.68MB/24.13MB
 ff86ea2e5edc Downloading [==========================================>        ]  24.12MB/28.24MB
 735e7252498b Downloading [=========================================>         ]  20.97MB/25.25MB
 753b614cca79 Downloading [=================>                                 ]  18.87MB/53.29MB
 735e7252498b Downloading [=========================================>         ]  20.97MB/25.25MB
 753b614cca79 Downloading [=================>                                 ]  18.87MB/53.29MB
 cae77ffb92d9 Downloading [==============================>                    ]  14.68MB/24.13MB
 ff86ea2e5edc Downloading [============================================>      ]  25.17MB/28.24MB
 735e7252498b Downloading [=========================================>         ]  20.97MB/25.25MB
 753b614cca79 Downloading [==================>                                ]  19.92MB/53.29MB
 cae77ffb92d9 Downloading [==============================>                    ]  14.68MB/24.13MB
 ff86ea2e5edc Downloading [============================================>      ]  25.17MB/28.24MB
 735e7252498b Downloading [===========================================>       ]  22.02MB/25.25MB
 753b614cca79 Downloading [==================>                                ]  19.92MB/53.29MB
 cae77ffb92d9 Downloading [================================>                  ]  15.73MB/24.13MB
 ff86ea2e5edc Downloading [==============================================>    ]  26.21MB/28.24MB
 cae77ffb92d9 Downloading [================================>                  ]  15.73MB/24.13MB
 ff86ea2e5edc Downloading [==============================================>    ]  26.21MB/28.24MB
 753b614cca79 Downloading [===================>                               ]  20.97MB/53.29MB
 735e7252498b Downloading [===========================================>       ]  22.02MB/25.25MB
 735e7252498b Downloading [=============================================>     ]  23.07MB/25.25MB
 753b614cca79 Downloading [===================>                               ]  20.97MB/53.29MB
 cae77ffb92d9 Downloading [================================>                  ]  15.73MB/24.13MB
 ff86ea2e5edc Downloading [================================================>  ]  27.26MB/28.24MB
 735e7252498b Downloading [=============================================>     ]  23.07MB/25.25MB
 753b614cca79 Downloading [===================>                               ]  20.97MB/53.29MB
 cae77ffb92d9 Downloading [================================>                  ]  15.73MB/24.13MB
 ff86ea2e5edc Downloading [================================================>  ]  27.26MB/28.24MB
 735e7252498b Downloading [===============================================>   ]  24.12MB/25.25MB
 753b614cca79 Downloading [====================>                              ]  22.02MB/53.29MB
 cae77ffb92d9 Downloading [==================================>                ]  16.78MB/24.13MB
 ff86ea2e5edc Downloading [==================================================>]  28.24MB/28.24MB
 cae77ffb92d9 Downloading [==================================>                ]  16.78MB/24.13MB
 753b614cca79 Downloading [=====================>                             ]  23.07MB/53.29MB
 735e7252498b Downloading [===============================================>   ]  24.12MB/25.25MB
 ff86ea2e5edc Downloading [==================================================>]  28.24MB/28.24MB
 cae77ffb92d9 Downloading [==================================>                ]  16.78MB/24.13MB
 735e7252498b Downloading [==================================================>]  25.25MB/25.25MB
 753b614cca79 Downloading [=====================>                             ]  23.07MB/53.29MB
 ff86ea2e5edc Download complete
 ff86ea2e5edc Extracting 1 s
 753b614cca79 Downloading [======================>                            ]  24.12MB/53.29MB
 cae77ffb92d9 Downloading [==================================>                ]  16.78MB/24.13MB
 735e7252498b Download complete
 ff86ea2e5edc Extracting 1 s
 753b614cca79 Downloading [======================>                            ]  24.12MB/53.29MB
 cae77ffb92d9 Downloading [====================================>              ]  17.83MB/24.13MB
 ff86ea2e5edc Extracting 1 s
 cae77ffb92d9 Downloading [====================================>              ]  17.83MB/24.13MB
 753b614cca79 Downloading [=======================>                           ]  25.17MB/53.29MB
 ff86ea2e5edc Extracting 1 s
 753b614cca79 Downloading [=======================>                           ]  25.17MB/53.29MB
 cae77ffb92d9 Downloading [====================================>              ]  17.83MB/24.13MB
 ff86ea2e5edc Extracting 1 s
 cae77ffb92d9 Downloading [====================================>              ]  17.83MB/24.13MB
 753b614cca79 Downloading [========================>                          ]  26.21MB/53.29MB
 ff86ea2e5edc Extracting 1 s
 753b614cca79 Downloading [=========================>                         ]  27.26MB/53.29MB
 cae77ffb92d9 Downloading [=======================================>           ]  18.87MB/24.13MB
 ff86ea2e5edc Extracting 1 s
 753b614cca79 Downloading [==========================>                        ]  28.31MB/53.29MB
 cae77ffb92d9 Downloading [=======================================>           ]  18.87MB/24.13MB
 ff86ea2e5edc Extracting 1 s
 753b614cca79 Downloading [===========================>                       ]  29.36MB/53.29MB
 cae77ffb92d9 Downloading [=======================================>           ]  18.87MB/24.13MB
 ff86ea2e5edc Extracting 1 s
 cae77ffb92d9 Downloading [=======================================>           ]  18.87MB/24.13MB
 753b614cca79 Downloading [============================>                      ]  30.41MB/53.29MB
 ff86ea2e5edc Extracting 1 s
 cae77ffb92d9 Downloading [=========================================>         ]  19.92MB/24.13MB
 753b614cca79 Downloading [=============================>                     ]  31.46MB/53.29MB
 ff86ea2e5edc Extracting 1 s
 753b614cca79 Downloading [=============================>                     ]  31.46MB/53.29MB
 cae77ffb92d9 Downloading [=========================================>         ]  19.92MB/24.13MB
 ff86ea2e5edc Extracting 2 s
 cae77ffb92d9 Downloading [=========================================>         ]  19.92MB/24.13MB
 753b614cca79 Downloading [==============================>                    ]  32.51MB/53.29MB
 ff86ea2e5edc Extracting 2 s
 cae77ffb92d9 Downloading [===========================================>       ]  20.97MB/24.13MB
 753b614cca79 Downloading [===============================>                   ]  33.55MB/53.29MB
 ff86ea2e5edc Extracting 2 s
 cae77ffb92d9 Downloading [===========================================>       ]  20.97MB/24.13MB
 753b614cca79 Downloading [================================>                  ]   34.6MB/53.29MB
 ff86ea2e5edc Extracting 2 s
 753b614cca79 Downloading [=================================>                 ]  35.65MB/53.29MB
 cae77ffb92d9 Downloading [===========================================>       ]  20.97MB/24.13MB
 ff86ea2e5edc Extracting 2 s
 753b614cca79 Downloading [=================================>                 ]  35.65MB/53.29MB
 cae77ffb92d9 Downloading [===========================================>       ]  20.97MB/24.13MB
 ff86ea2e5edc Extracting 2 s
 cae77ffb92d9 Downloading [=============================================>     ]  22.02MB/24.13MB
 753b614cca79 Downloading [===================================>               ]  37.75MB/53.29MB
 ff86ea2e5edc Extracting 2 s
 753b614cca79 Downloading [===================================>               ]  37.75MB/53.29MB
 cae77ffb92d9 Downloading [=============================================>     ]  22.02MB/24.13MB
 e54aec64c365 Extracting 1 s
 ff86ea2e5edc Pull complete
 cae77ffb92d9 Downloading [=============================================>     ]  22.02MB/24.13MB
 753b614cca79 Downloading [===================================>               ]  37.75MB/53.29MB
 e54aec64c365 Pull complete
 804d4d68057c Extracting 1 s
 753b614cca79 Downloading [====================================>              ]   38.8MB/53.29MB
 cae77ffb92d9 Downloading [=============================================>     ]  22.02MB/24.13MB
 804d4d68057c Extracting 1 s
 cae77ffb92d9 Downloading [===============================================>   ]  23.07MB/24.13MB
 753b614cca79 Downloading [=====================================>             ]  39.85MB/53.29MB
 804d4d68057c Extracting 1 s
 753b614cca79 Downloading [======================================>            ]  40.89MB/53.29MB
 cae77ffb92d9 Downloading [===============================================>   ]  23.07MB/24.13MB
 804d4d68057c Extracting 1 s
 cae77ffb92d9 Downloading [===============================================>   ]  23.07MB/24.13MB
 753b614cca79 Downloading [=======================================>           ]  41.94MB/53.29MB
 804d4d68057c Extracting 1 s
 753b614cca79 Downloading [========================================>          ]  42.99MB/53.29MB
 cae77ffb92d9 Download complete
 804d4d68057c Extracting 1 s
 753b614cca79 Downloading [=========================================>         ]  44.04MB/53.29MB
 804d4d68057c Extracting 1 s
 753b614cca79 Downloading [=========================================>         ]  44.04MB/53.29MB
 804d4d68057c Extracting 1 s
 753b614cca79 Downloading [===========================================>       ]  46.14MB/53.29MB
 804d4d68057c Extracting 1 s
 753b614cca79 Downloading [============================================>      ]  47.19MB/53.29MB
 804d4d68057c Extracting 1 s
 753b614cca79 Downloading [=============================================>     ]  48.23MB/53.29MB
 804d4d68057c Extracting 1 s
 753b614cca79 Downloading [=============================================>     ]  48.23MB/53.29MB
 804d4d68057c Extracting 2 s
 753b614cca79 Downloading [===============================================>   ]  50.33MB/53.29MB
 804d4d68057c Extracting 2 s
 753b614cca79 Downloading [===============================================>   ]  50.33MB/53.29MB
 804d4d68057c Extracting 2 s
 753b614cca79 Downloading [================================================>  ]  51.38MB/53.29MB
 804d4d68057c Extracting 2 s
 753b614cca79 Download complete
 804d4d68057c Extracting 2 s
 753b614cca79 Extracting 1 s
 804d4d68057c Extracting 2 s
 753b614cca79 Extracting 1 s
 804d4d68057c Extracting 2 s
 753b614cca79 Extracting 1 s
 804d4d68057c Extracting 2 s
 753b614cca79 Extracting 1 s
 804d4d68057c Extracting 2 s
 753b614cca79 Extracting 1 s
 804d4d68057c Extracting 2 s
 753b614cca79 Extracting 1 s
 804d4d68057c Extracting 3 s
 753b614cca79 Extracting 1 s
 64cfb949317c Extracting 1 s
 804d4d68057c Pull complete
 753b614cca79 Extracting 1 s
 3c02fd806613 Pull complete
 64cfb949317c Pull complete
 6b291c391b0f Extracting 1 s
 753b614cca79 Extracting 1 s
 6b291c391b0f Extracting 1 s
 753b614cca79 Extracting 2 s
 753b614cca79 Extracting 2 s
 753b614cca79 Extracting 2 s
 753b614cca79 Extracting 2 s
 753b614cca79 Extracting 2 s
 753b614cca79 Extracting 2 s
 753b614cca79 Extracting 2 s
 753b614cca79 Extracting 2 s
 753b614cca79 Extracting 2 s
 753b614cca79 Extracting 2 s
 753b614cca79 Extracting 2 s
 753b614cca79 Extracting 2 s
 753b614cca79 Extracting 3 s
 753b614cca79 Extracting 3 s
 753b614cca79 Extracting 3 s
 753b614cca79 Extracting 3 s
 753b614cca79 Extracting 3 s
 753b614cca79 Extracting 3 s
 753b614cca79 Extracting 3 s
 753b614cca79 Extracting 3 s
 753b614cca79 Extracting 3 s
 753b614cca79 Extracting 3 s
 753b614cca79 Extracting 4 s
 753b614cca79 Extracting 4 s
 753b614cca79 Extracting 4 s
 753b614cca79 Extracting 4 s
 753b614cca79 Extracting 4 s
 753b614cca79 Extracting 4 s
 753b614cca79 Extracting 4 s
 753b614cca79 Extracting 4 s
 753b614cca79 Extracting 4 s
 753b614cca79 Extracting 4 s
 753b614cca79 Extracting 5 s
 753b614cca79 Extracting 5 s
 753b614cca79 Extracting 5 s
 735e7252498b Extracting 1 s
 753b614cca79 Pull complete
 735e7252498b Pull complete
 98207d5a4564 Pull complete
 4c2077547a6f Pull complete
v1.61.3: Pulling from supabase/storage-api
1.45.4: Pulling from supabase/logflare
2026.06.22-sha-2207d7f: Pulling from supabase/studio
09ddda476dba: Pulling fs layer
653896432f81: Pulling fs layer
0d8aa8e026f1: Pulling fs layer
d2f04496a183: Pulling fs layer
52cd27cac02e: Pulling fs layer
6da109a7da3c: Pulling fs layer
974e5f264dd7: Pulling fs layer
a1db97f30142: Pulling fs layer
b27ca18074db: Pulling fs layer
4996c558ce2b: Pulling fs layer
9b530af76924: Pulling fs layer
16733d1099a5: Pulling fs layer
b262bc412235: Pulling fs layer
2d45ce7b8f46: Pulling fs layer
1aa8c9185728: Pulling fs layer
fe4196d71548: Pulling fs layer
58f9673fed7b: Pulling fs layer
4c872ee11d8a: Pulling fs layer
4f4fb700ef54: Pulling fs layer
2dbdb94c282e: Pulling fs layer
6b2a68bc0240: Pulling fs layer
009217687f0b: Pulling fs layer
efb8c6bed1c3: Pulling fs layer
2612b50dac70: Pulling fs layer
cd78ab0ac3d9: Pulling fs layer
2.8.1: Pulling from supabase/kong
v2.108.0: Pulling from supabase/realtime
v0.96.6: Pulling from supabase/postgres-meta
a70653f7a2d5: Pulling fs layer
213ec9aee27d: Pulling fs layer
531e3bd93090: Pulling fs layer
814dd06d26c7: Pulling fs layer
4f4fb700ef54: Pulling fs layer
bd8399e6d4bf: Pulling fs layer
8aa1fcdacf29: Pulling fs layer
d3f557879920: Pulling fs layer
00e5a0d84ec7: Pulling fs layer
8d1e059814b8: Pulling fs layer
735e7252498b: Pulling fs layer
5c32499ab806: Pulling fs layer
753b614cca79: Pulling fs layer
98207d5a4564: Pulling fs layer
4c2077547a6f: Pulling fs layer
a53e41a06c62: Pulling fs layer
a70653f7a2d5: Download complete
4f4fb700ef54: Already exists
4f4fb700ef54: Pull complete
814dd06d26c7: Download complete
90e6409bba99: Pulling fs layer
ff86ea2e5edc: Pulling fs layer
e54aec64c365: Pulling fs layer
1cc42fcade0e: Pulling fs layer
cae77ffb92d9: Pulling fs layer
666018dcd023: Pulling fs layer
64cfb949317c: Pulling fs layer
6b291c391b0f: Pulling fs layer
804d4d68057c: Pulling fs layer
3c02fd806613: Pulling fs layer
bd8399e6d4bf: Download complete
8aa1fcdacf29: Download complete
98207d5a4564: Download complete
213ec9aee27d: Download complete
d3f557879920: Download complete
8d1e059814b8: Download complete
a53e41a06c62: Download complete
213ec9aee27d: Pull complete
4c2077547a6f: Download complete
a70653f7a2d5: Pull complete
90e6409bba99: Download complete
f3420c52c7ea: Download complete
00e5a0d84ec7: Download complete
e54aec64c365: Download complete
1cc42fcade0e: Download complete
3c02fd806613: Download complete
73a3716cfa9b: Download complete
666018dcd023: Download complete
5c32499ab806: Download complete
735e7252498b: Download complete
64cfb949317c: Download complete
failed to display json stream: failed to extract layer (application/vnd.oci.image.layer.v1.tar+gzip sha256:efb8c6bed1c3f0689bd5d9cb415a22287a3162b0385d624ba26b2a4d24b9983b) to overlayfs as "extract-388738093-JAuV sha256:65bd69165a4b1dab944bd6def018b25447a6d80346ab2a9aafe8db3b2e1ad763": failed to convert whiteout file "var/lib/apt/lists/.wh.auxfiles": operation not permitted
Retrying after 4s: public.ecr.aws/supabase/studio:2026.06.22-sha-2207d7f
531e3bd93090: Download complete
failed to display json stream: failed to extract layer (application/vnd.docker.image.rootfs.diff.tar.gzip sha256:531e3bd93090d08ef911bb2c8320f2fef2428ef96597535a55111fda18efde52) to overlayfs as "extract-392261731-ln44 sha256:76e66cec8435ad1db5b948618a4d99bb66a837f1e274dedd9dfa2a549422db99": failed to convert whiteout file "tmp/.wh.kong.tar.gz": operation not permitted
Retrying after 4s: public.ecr.aws/supabase/kong:2.8.1
6b291c391b0f: Download complete
5c32499ab806: Pull complete
cae77ffb92d9: Download complete
failed to display json stream: failed to extract layer (application/vnd.oci.image.layer.v1.tar+gzip sha256:a1db97f30142022b2489fb419d8bcc3e070c5f3a64bcc55f0444ad4aca4333ae) to overlayfs as "extract-274940658-EvzV sha256:88dcf5b3c74e5ece21a31576d56f12a11bc4f4387390b19b4ccc4f222d9b36fc": failed to convert whiteout file "usr/local/lib/node_modules/npm/.wh..npmrc": operation not permitted
Retrying after 4s: public.ecr.aws/supabase/storage-api:v1.61.3
failed to display json stream: failed to extract layer (application/vnd.oci.image.layer.v1.tar+gzip sha256:4c872ee11d8aa9a9abdf053a637e8b44fc3978211ab3305021f25edb17b00fff) to overlayfs as "extract-163615237-nifc sha256:77367c9d82cbddb71b653868f3d054abdcb9abaa08077db6e32d72c0af69e68e": failed to convert whiteout file "opt/app/rel/logflare/bin/.wh.priv": operation not permitted
Retrying after 4s: public.ecr.aws/supabase/logflare:1.45.4
753b614cca79: Download complete
2026.06.22-sha-2207d7f: Pulling from supabase/studio
2dbdb94c282e: Pulling fs layer
6b2a68bc0240: Pulling fs layer
efb8c6bed1c3: Pulling fs layer
cd78ab0ac3d9: Pulling fs layer
009217687f0b: Pulling fs layer
2612b50dac70: Pulling fs layer
ff86ea2e5edc: Download complete
804d4d68057c: Download complete
2.8.1: Pulling from supabase/kong
814dd06d26c7: Pulling fs layer
213ec9aee27d: Pulling fs layer
531e3bd93090: Pulling fs layer
a70653f7a2d5: Pulling fs layer
a70653f7a2d5: Download complete
814dd06d26c7: Download complete
213ec9aee27d: Download complete
213ec9aee27d: Pull complete
v1.61.3: Pulling from supabase/storage-api
a70653f7a2d5: Pull complete
653896432f81: Pulling fs layer
d2f04496a183: Pulling fs layer
52cd27cac02e: Pulling fs layer
6da109a7da3c: Pulling fs layer
974e5f264dd7: Pulling fs layer
a1db97f30142: Pulling fs layer
16733d1099a5: Pulling fs layer
b27ca18074db: Pulling fs layer
4996c558ce2b: Pulling fs layer
9b530af76924: Pulling fs layer
09ddda476dba: Pulling fs layer
0d8aa8e026f1: Pulling fs layer
1.45.4: Pulling from supabase/logflare
2d45ce7b8f46: Pulling fs layer
b262bc412235: Pulling fs layer
1aa8c9185728: Pulling fs layer
fe4196d71548: Pulling fs layer
58f9673fed7b: Pulling fs layer
4c872ee11d8a: Pulling fs layer
4f4fb700ef54: Pulling fs layer
ff86ea2e5edc: Pull complete
e54aec64c365: Pull complete
531e3bd93090: Download complete
failed to display json stream: failed to extract layer (application/vnd.docker.image.rootfs.diff.tar.gzip sha256:531e3bd93090d08ef911bb2c8320f2fef2428ef96597535a55111fda18efde52) to overlayfs as "extract-184123275-3foJ sha256:76e66cec8435ad1db5b948618a4d99bb66a837f1e274dedd9dfa2a549422db99": failed to convert whiteout file "tmp/.wh.kong.tar.gz": operation not permitted
Retrying after 8s: public.ecr.aws/supabase/kong:2.8.1
753b614cca79: Pull complete
735e7252498b: Pull complete
98207d5a4564: Pull complete
4c2077547a6f: Pull complete
failed to display json stream: failed to extract layer (application/vnd.oci.image.layer.v1.tar+gzip sha256:a53e41a06c628b634d7baa42e93f68cd131280568b80502d710257e5b0d2b98a) to overlayfs as "extract-982597028-XQRV sha256:99eee87cf7986cb92f79213a16d7f20d7ab236abca7503e9309bfffbb3493a63": failed to convert whiteout file "tmp/.wh.libpg-query.tar.gz": operation not permitted
Retrying after 4s: public.ecr.aws/supabase/realtime:v2.108.0
804d4d68057c: Pull complete
64cfb949317c: Pull complete
3c02fd806613: Pull complete
failed to display json stream: failed to extract layer (application/vnd.oci.image.layer.v1.tar+gzip sha256:6b291c391b0f4319f387b2b95f812639bf48ed5eda50d7435c93607dd7a7fade) to overlayfs as "extract-489322443-A9Ox sha256:887035bdf1cebc9c005b74a684642bc1976788ba40acd69f68a2631ebf6edd99": failed to convert whiteout file "var/lib/apt/lists/.wh.auxfiles": operation not permitted
Retrying after 4s: public.ecr.aws/supabase/postgres-meta:v0.96.6
failed to display json stream: failed to extract layer (application/vnd.oci.image.layer.v1.tar+gzip sha256:efb8c6bed1c3f0689bd5d9cb415a22287a3162b0385d624ba26b2a4d24b9983b) to overlayfs as "extract-499664047-fQs6 sha256:65bd69165a4b1dab944bd6def018b25447a6d80346ab2a9aafe8db3b2e1ad763": failed to convert whiteout file "var/lib/apt/lists/.wh.auxfiles": operation not permitted
Retrying after 8s: public.ecr.aws/supabase/studio:2026.06.22-sha-2207d7f
v2.108.0: Pulling from supabase/realtime
4f4fb700ef54: Pulling fs layer
753b614cca79: Pulling fs layer
bd8399e6d4bf: Pulling fs layer
735e7252498b: Pulling fs layer
5c32499ab806: Pulling fs layer
98207d5a4564: Pulling fs layer
a53e41a06c62: Pulling fs layer
4c2077547a6f: Pulling fs layer
d3f557879920: Pulling fs layer
8d1e059814b8: Pulling fs layer
8aa1fcdacf29: Pulling fs layer
00e5a0d84ec7: Pulling fs layer
4f4fb700ef54: Already exists
4f4fb700ef54: Pull complete
98207d5a4564: Download complete
bd8399e6d4bf: Download complete
d3f557879920: Download complete
8aa1fcdacf29: Download complete
a53e41a06c62: Download complete
8d1e059814b8: Download complete
4c2077547a6f: Download complete
f3420c52c7ea: Download complete
failed to display json stream: failed to extract layer (application/vnd.oci.image.layer.v1.tar+gzip sha256:a1db97f30142022b2489fb419d8bcc3e070c5f3a64bcc55f0444ad4aca4333ae) to overlayfs as "extract-710304302-d-Y4 sha256:88dcf5b3c74e5ece21a31576d56f12a11bc4f4387390b19b4ccc4f222d9b36fc": failed to convert whiteout file "usr/local/lib/node_modules/npm/.wh..npmrc": operation not permitted
Retrying after 8s: public.ecr.aws/supabase/storage-api:v1.61.3
00e5a0d84ec7: Download complete
failed to display json stream: failed to extract layer (application/vnd.oci.image.layer.v1.tar+gzip sha256:4c872ee11d8aa9a9abdf053a637e8b44fc3978211ab3305021f25edb17b00fff) to overlayfs as "extract-617935618-Qnu8 sha256:77367c9d82cbddb71b653868f3d054abdcb9abaa08077db6e32d72c0af69e68e": failed to convert whiteout file "opt/app/rel/logflare/bin/.wh.priv": operation not permitted
Retrying after 8s: public.ecr.aws/supabase/logflare:1.45.4
735e7252498b: Download complete
5c32499ab806: Download complete
v0.96.6: Pulling from supabase/postgres-meta
2.8.1: Pulling from supabase/kong
90e6409bba99: Pulling fs layer
804d4d68057c: Pulling fs layer
64cfb949317c: Pulling fs layer
6b291c391b0f: Pulling fs layer
ff86ea2e5edc: Pulling fs layer
cae77ffb92d9: Pulling fs layer
666018dcd023: Pulling fs layer
e54aec64c365: Pulling fs layer
1cc42fcade0e: Pulling fs layer
3c02fd806613: Pulling fs layer
3c02fd806613: Download complete
a70653f7a2d5: Pulling fs layer
213ec9aee27d: Pulling fs layer
814dd06d26c7: Pulling fs layer
531e3bd93090: Pulling fs layer
753b614cca79: Download complete
e54aec64c365: Download complete
1cc42fcade0e: Download complete
90e6409bba99: Download complete
a70653f7a2d5: Download complete
666018dcd023: Download complete
73a3716cfa9b: Download complete
5c32499ab806: Pull complete
814dd06d26c7: Download complete
213ec9aee27d: Download complete
a70653f7a2d5: Pull complete
213ec9aee27d: Pull complete
2026.06.22-sha-2207d7f: Pulling from supabase/studio
6b291c391b0f: Download complete
2dbdb94c282e: Pulling fs layer
efb8c6bed1c3: Pulling fs layer
009217687f0b: Pulling fs layer
6b2a68bc0240: Pulling fs layer
cd78ab0ac3d9: Pulling fs layer
2612b50dac70: Pulling fs layer
804d4d68057c: Download complete
64cfb949317c: Download complete
753b614cca79: Pull complete
98207d5a4564: Pull complete
4c2077547a6f: Pull complete
735e7252498b: Pull complete
failed to display json stream: failed to extract layer (application/vnd.oci.image.layer.v1.tar+gzip sha256:a53e41a06c628b634d7baa42e93f68cd131280568b80502d710257e5b0d2b98a) to overlayfs as "extract-227451290-X21X sha256:99eee87cf7986cb92f79213a16d7f20d7ab236abca7503e9309bfffbb3493a63": failed to convert whiteout file "tmp/.wh.libpg-query.tar.gz": operation not permitted
Retrying after 8s: public.ecr.aws/supabase/realtime:v2.108.0
cae77ffb92d9: Download complete
v1.61.3: Pulling from supabase/storage-api
653896432f81: Pulling fs layer
a1db97f30142: Pulling fs layer
b27ca18074db: Pulling fs layer
52cd27cac02e: Pulling fs layer
4996c558ce2b: Pulling fs layer
974e5f264dd7: Pulling fs layer
9b530af76924: Pulling fs layer
6da109a7da3c: Pulling fs layer
d2f04496a183: Pulling fs layer
16733d1099a5: Pulling fs layer
09ddda476dba: Pulling fs layer
0d8aa8e026f1: Pulling fs layer
ff86ea2e5edc: Download complete
1.45.4: Pulling from supabase/logflare
b262bc412235: Pulling fs layer
fe4196d71548: Pulling fs layer
2d45ce7b8f46: Pulling fs layer
58f9673fed7b: Pulling fs layer
4c872ee11d8a: Pulling fs layer
4f4fb700ef54: Pulling fs layer
1aa8c9185728: Pulling fs layer
531e3bd93090: Download complete
ff86ea2e5edc: Pull complete
e54aec64c365: Pull complete
2.8.1: Pulling from supabase/kong
814dd06d26c7: Pulling fs layer
531e3bd93090: Pulling fs layer
213ec9aee27d: Pulling fs layer
a70653f7a2d5: Pulling fs layer
814dd06d26c7: Download complete
a70653f7a2d5: Download complete
213ec9aee27d: Download complete
213ec9aee27d: Pull complete
a70653f7a2d5: Pull complete
2026.06.22-sha-2207d7f: Pulling from supabase/studio
efb8c6bed1c3: Pulling fs layer
2dbdb94c282e: Pulling fs layer
6b2a68bc0240: Pulling fs layer
009217687f0b: Pulling fs layer
2612b50dac70: Pulling fs layer
cd78ab0ac3d9: Pulling fs layer
804d4d68057c: Pull complete
3c02fd806613: Pull complete
64cfb949317c: Pull complete
failed to display json stream: failed to extract layer (application/vnd.oci.image.layer.v1.tar+gzip sha256:6b291c391b0f4319f387b2b95f812639bf48ed5eda50d7435c93607dd7a7fade) to overlayfs as "extract-362347167-aIkI sha256:887035bdf1cebc9c005b74a684642bc1976788ba40acd69f68a2631ebf6edd99": failed to convert whiteout file "var/lib/apt/lists/.wh.auxfiles": operation not permitted
Retrying after 8s: public.ecr.aws/supabase/postgres-meta:v0.96.6
531e3bd93090: Download complete
failed to display json stream: failed to extract layer (application/vnd.docker.image.rootfs.diff.tar.gzip sha256:531e3bd93090d08ef911bb2c8320f2fef2428ef96597535a55111fda18efde52) to overlayfs as "extract-594317393-lxxk sha256:76e66cec8435ad1db5b948618a4d99bb66a837f1e274dedd9dfa2a549422db99": failed to convert whiteout file "tmp/.wh.kong.tar.gz": operation not permitted
Retrying after 4s: ghcr.io/supabase/kong:2.8.1
v2.108.0: Pulling from supabase/realtime
4c2077547a6f: Pulling fs layer
753b614cca79: Pulling fs layer
735e7252498b: Pulling fs layer
5c32499ab806: Pulling fs layer
98207d5a4564: Pulling fs layer
8aa1fcdacf29: Pulling fs layer
a53e41a06c62: Pulling fs layer
d3f557879920: Pulling fs layer
bd8399e6d4bf: Pulling fs layer
4f4fb700ef54: Pulling fs layer
00e5a0d84ec7: Pulling fs layer
8d1e059814b8: Pulling fs layer
4f4fb700ef54: Already exists
4f4fb700ef54: Pull complete
8d1e059814b8: Download complete
4c2077547a6f: Download complete
f3420c52c7ea: Download complete
98207d5a4564: Download complete
8aa1fcdacf29: Download complete
bd8399e6d4bf: Download complete
a53e41a06c62: Download complete
d3f557879920: Download complete
2.8.1: Pulling from supabase/kong
failed to display json stream: failed to extract layer (application/vnd.oci.image.layer.v1.tar+gzip sha256:efb8c6bed1c3f0689bd5d9cb415a22287a3162b0385d624ba26b2a4d24b9983b) to overlayfs as "extract-84840380-Ka3n sha256:65bd69165a4b1dab944bd6def018b25447a6d80346ab2a9aafe8db3b2e1ad763": failed to convert whiteout file "var/lib/apt/lists/.wh.auxfiles": operation not permitted
Retrying after 4s: ghcr.io/supabase/studio:2026.06.22-sha-2207d7f
00e5a0d84ec7: Download complete
v1.61.3: Pulling from supabase/storage-api
653896432f81: Pulling fs layer
6da109a7da3c: Pulling fs layer
b27ca18074db: Pulling fs layer
4996c558ce2b: Pulling fs layer
09ddda476dba: Pulling fs layer
974e5f264dd7: Pulling fs layer
9b530af76924: Pulling fs layer
0d8aa8e026f1: Pulling fs layer
a1db97f30142: Pulling fs layer
d2f04496a183: Pulling fs layer
16733d1099a5: Pulling fs layer
52cd27cac02e: Pulling fs layer
1.45.4: Pulling from supabase/logflare
735e7252498b: Download complete
814dd06d26c7: Pulling fs layer
a70653f7a2d5: Pulling fs layer
213ec9aee27d: Pulling fs layer
531e3bd93090: Pulling fs layer
5c32499ab806: Download complete
814dd06d26c7: Download complete
a70653f7a2d5: Download complete
b262bc412235: Pulling fs layer
2d45ce7b8f46: Pulling fs layer
58f9673fed7b: Pulling fs layer
4c872ee11d8a: Pulling fs layer
4f4fb700ef54: Pulling fs layer
1aa8c9185728: Pulling fs layer
fe4196d71548: Pulling fs layer
v0.96.6: Pulling from supabase/postgres-meta
5c32499ab806: Pull complete
213ec9aee27d: Download complete
a70653f7a2d5: Pull complete
213ec9aee27d: Pull complete
2026.06.22-sha-2207d7f: Pulling from supabase/studio
2dbdb94c282e: Pulling fs layer
6b2a68bc0240: Pulling fs layer
009217687f0b: Pulling fs layer
cd78ab0ac3d9: Pulling fs layer
2612b50dac70: Pulling fs layer
efb8c6bed1c3: Pulling fs layer
531e3bd93090: Download complete
failed to display json stream: failed to extract layer (application/vnd.docker.image.rootfs.diff.tar.gzip sha256:531e3bd93090d08ef911bb2c8320f2fef2428ef96597535a55111fda18efde52) to overlayfs as "extract-432246059-Zuex sha256:76e66cec8435ad1db5b948618a4d99bb66a837f1e274dedd9dfa2a549422db99": failed to convert whiteout file "tmp/.wh.kong.tar.gz": operation not permitted
Retrying after 8s: ghcr.io/supabase/kong:2.8.1
753b614cca79: Download complete
90e6409bba99: Pulling fs layer
ff86ea2e5edc: Pulling fs layer
e54aec64c365: Pulling fs layer
6b291c391b0f: Pulling fs layer
cae77ffb92d9: Pulling fs layer
666018dcd023: Pulling fs layer
804d4d68057c: Pulling fs layer
64cfb949317c: Pulling fs layer
1cc42fcade0e: Pulling fs layer
3c02fd806613: Pulling fs layer
73a3716cfa9b: Download complete
3c02fd806613: Download complete
1cc42fcade0e: Download complete
e54aec64c365: Download complete
666018dcd023: Download complete
90e6409bba99: Download complete
64cfb949317c: Download complete
6b291c391b0f: Download complete
cae77ffb92d9: Download complete
ff86ea2e5edc: Download complete
804d4d68057c: Download complete
753b614cca79: Pull complete
e54aec64c365: Pull complete
ff86ea2e5edc: Pull complete
735e7252498b: Pull complete
98207d5a4564: Pull complete
4c2077547a6f: Pull complete
4c2077547a6f: Pull complete
v2.108.0: Pulling from supabase/realtime
failed to display json stream: failed to extract layer (application/vnd.oci.image.layer.v1.tar+gzip sha256:4c872ee11d8aa9a9abdf053a637e8b44fc3978211ab3305021f25edb17b00fff) to overlayfs as "extract-954685409-4gZh sha256:77367c9d82cbddb71b653868f3d054abdcb9abaa08077db6e32d72c0af69e68e": failed to convert whiteout file "opt/app/rel/logflare/bin/.wh.priv": operation not permitted
Retrying after 4s: ghcr.io/supabase/logflare:1.45.4
failed to display json stream: failed to extract layer (application/vnd.oci.image.layer.v1.tar+gzip sha256:a1db97f30142022b2489fb419d8bcc3e070c5f3a64bcc55f0444ad4aca4333ae) to overlayfs as "extract-400738410-wUqR sha256:88dcf5b3c74e5ece21a31576d56f12a11bc4f4387390b19b4ccc4f222d9b36fc": failed to convert whiteout file "usr/local/lib/node_modules/npm/.wh..npmrc": operation not permitted
Retrying after 4s: ghcr.io/supabase/storage-api:v1.61.3
4c2077547a6f: Pulling fs layer
4f4fb700ef54: Pulling fs layer
a53e41a06c62: Pulling fs layer
bd8399e6d4bf: Pulling fs layer
8aa1fcdacf29: Pulling fs layer
d3f557879920: Pulling fs layer
00e5a0d84ec7: Pulling fs layer
8d1e059814b8: Pulling fs layer
753b614cca79: Pulling fs layer
5c32499ab806: Pulling fs layer
735e7252498b: Pulling fs layer
98207d5a4564: Pulling fs layer
4f4fb700ef54: Already exists
4f4fb700ef54: Pull complete
a53e41a06c62: Download complete
98207d5a4564: Download complete
4c2077547a6f: Download complete
d3f557879920: Download complete
bd8399e6d4bf: Download complete
8d1e059814b8: Download complete
8aa1fcdacf29: Download complete
failed to display json stream: failed to extract layer (application/vnd.oci.image.layer.v1.tar+gzip sha256:efb8c6bed1c3f0689bd5d9cb415a22287a3162b0385d624ba26b2a4d24b9983b) to overlayfs as "extract-919312173-W9OF sha256:65bd69165a4b1dab944bd6def018b25447a6d80346ab2a9aafe8db3b2e1ad763": failed to convert whiteout file "var/lib/apt/lists/.wh.auxfiles": operation not permitted
Retrying after 8s: ghcr.io/supabase/studio:2026.06.22-sha-2207d7f
804d4d68057c: Pull complete
3c02fd806613: Pull complete
64cfb949317c: Pull complete
f3420c52c7ea: Download complete
2.8.1: Pulling from supabase/kong
00e5a0d84ec7: Download complete
735e7252498b: Download complete
814dd06d26c7: Pulling fs layer
213ec9aee27d: Pulling fs layer
a70653f7a2d5: Pulling fs layer
531e3bd93090: Pulling fs layer
v0.96.6: Pulling from supabase/postgres-meta
5c32499ab806: Download complete
v1.61.3: Pulling from supabase/storage-api
1.45.4: Pulling from supabase/logflare
653896432f81: Pulling fs layer
a1db97f30142: Pulling fs layer
6da109a7da3c: Pulling fs layer
16733d1099a5: Pulling fs layer
09ddda476dba: Pulling fs layer
0d8aa8e026f1: Pulling fs layer
d2f04496a183: Pulling fs layer
52cd27cac02e: Pulling fs layer
b27ca18074db: Pulling fs layer
974e5f264dd7: Pulling fs layer
4996c558ce2b: Pulling fs layer
9b530af76924: Pulling fs layer
b262bc412235: Pulling fs layer
fe4196d71548: Pulling fs layer
2d45ce7b8f46: Pulling fs layer
1aa8c9185728: Pulling fs layer
58f9673fed7b: Pulling fs layer
4c872ee11d8a: Pulling fs layer
4f4fb700ef54: Pulling fs layer
814dd06d26c7: Download complete
a70653f7a2d5: Download complete
753b614cca79: Download complete
90e6409bba99: Pulling fs layer
ff86ea2e5edc: Pulling fs layer
e54aec64c365: Pulling fs layer
804d4d68057c: Pulling fs layer
64cfb949317c: Pulling fs layer
3c02fd806613: Pulling fs layer
6b291c391b0f: Pulling fs layer
1cc42fcade0e: Pulling fs layer
cae77ffb92d9: Pulling fs layer
666018dcd023: Pulling fs layer
213ec9aee27d: Download complete
e54aec64c365: Download complete
666018dcd023: Download complete
90e6409bba99: Download complete
213ec9aee27d: Pull complete
a70653f7a2d5: Pull complete
1cc42fcade0e: Download complete
64cfb949317c: Download complete
3c02fd806613: Download complete
73a3716cfa9b: Download complete
5c32499ab806: Pull complete
531e3bd93090: Download complete
804d4d68057c: Download complete
6b291c391b0f: Download complete
failed to pull docker image: Error response from daemon: pull access denied for supabase/kong, repository does not exist or may require 'docker login'
Retrying after 4s: supabase/kong:2.8.1
753b614cca79: Pull complete
735e7252498b: Pull complete
98207d5a4564: Pull complete
4c2077547a6f: Pull complete
98207d5a4564: Pull complete
4c2077547a6f: Pull complete
failed to display json stream: failed to extract layer (application/vnd.oci.image.layer.v1.tar+gzip sha256:a53e41a06c628b634d7baa42e93f68cd131280568b80502d710257e5b0d2b98a) to overlayfs as "extract-697929590-BW3z sha256:99eee87cf7986cb92f79213a16d7f20d7ab236abca7503e9309bfffbb3493a63": failed to convert whiteout file "tmp/.wh.libpg-query.tar.gz": operation not permitted
Retrying after 4s: ghcr.io/supabase/realtime:v2.108.0
ff86ea2e5edc: Download complete
cae77ffb92d9: Download complete
e54aec64c365: Pull complete
ff86ea2e5edc: Pull complete
failed to display json stream: failed to extract layer (application/vnd.oci.image.layer.v1.tar+gzip sha256:4c872ee11d8aa9a9abdf053a637e8b44fc3978211ab3305021f25edb17b00fff) to overlayfs as "extract-845856854-O6d0 sha256:77367c9d82cbddb71b653868f3d054abdcb9abaa08077db6e32d72c0af69e68e": failed to convert whiteout file "opt/app/rel/logflare/bin/.wh.priv": operation not permitted
Retrying after 8s: ghcr.io/supabase/logflare:1.45.4
failed to pull docker image: Error response from daemon: pull access denied for supabase/kong, repository does not exist or may require 'docker login'
Retrying after 8s: supabase/kong:2.8.1
failed to display json stream: failed to extract layer (application/vnd.oci.image.layer.v1.tar+gzip sha256:a1db97f30142022b2489fb419d8bcc3e070c5f3a64bcc55f0444ad4aca4333ae) to overlayfs as "extract-704072298-E51a sha256:88dcf5b3c74e5ece21a31576d56f12a11bc4f4387390b19b4ccc4f222d9b36fc": failed to convert whiteout file "usr/local/lib/node_modules/npm/.wh..npmrc": operation not permitted
Retrying after 8s: ghcr.io/supabase/storage-api:v1.61.3
804d4d68057c: Pull complete
64cfb949317c: Pull complete
3c02fd806613: Pull complete
failed to display json stream: failed to extract layer (application/vnd.oci.image.layer.v1.tar+gzip sha256:6b291c391b0f4319f387b2b95f812639bf48ed5eda50d7435c93607dd7a7fade) to overlayfs as "extract-938123917-33Ds sha256:887035bdf1cebc9c005b74a684642bc1976788ba40acd69f68a2631ebf6edd99": failed to convert whiteout file "var/lib/apt/lists/.wh.auxfiles": operation not permitted
Retrying after 4s: ghcr.io/supabase/postgres-meta:v0.96.6
2026.06.22-sha-2207d7f: Pulling from supabase/studio
2dbdb94c282e: Pulling fs layer
6b2a68bc0240: Pulling fs layer
2612b50dac70: Pulling fs layer
009217687f0b: Pulling fs layer
efb8c6bed1c3: Pulling fs layer
cd78ab0ac3d9: Pulling fs layer
2026.06.22-sha-2207d7f: Pulling from supabase/studio
2dbdb94c282e: Pulling fs layer
efb8c6bed1c3: Pulling fs layer
cd78ab0ac3d9: Pulling fs layer
6b2a68bc0240: Pulling fs layer
009217687f0b: Pulling fs layer
2612b50dac70: Pulling fs layer
v2.108.0: Pulling from supabase/realtime
4f4fb700ef54: Pulling fs layer
753b614cca79: Pulling fs layer
bd8399e6d4bf: Pulling fs layer
735e7252498b: Pulling fs layer
8aa1fcdacf29: Pulling fs layer
98207d5a4564: Pulling fs layer
d3f557879920: Pulling fs layer
00e5a0d84ec7: Pulling fs layer
4c2077547a6f: Pulling fs layer
8d1e059814b8: Pulling fs layer
5c32499ab806: Pulling fs layer
a53e41a06c62: Pulling fs layer
4f4fb700ef54: Already exists
4f4fb700ef54: Pull complete
8aa1fcdacf29: Download complete
d3f557879920: Download complete
8d1e059814b8: Download complete
98207d5a4564: Download complete
a53e41a06c62: Download complete
bd8399e6d4bf: Download complete
4c2077547a6f: Download complete
f3420c52c7ea: Download complete
00e5a0d84ec7: Download complete
5c32499ab806: Download complete
735e7252498b: Download complete
failed to display json stream: failed to extract layer (application/vnd.oci.image.layer.v1.tar+gzip sha256:efb8c6bed1c3f0689bd5d9cb415a22287a3162b0385d624ba26b2a4d24b9983b) to overlayfs as "extract-27515989-A6Uz sha256:65bd69165a4b1dab944bd6def018b25447a6d80346ab2a9aafe8db3b2e1ad763": failed to convert whiteout file "var/lib/apt/lists/.wh.auxfiles": operation not permitted
Retrying after 4s: supabase/studio:2026.06.22-sha-2207d7f
753b614cca79: Download complete
5c32499ab806: Pull complete
1.45.4: Pulling from supabase/logflare
b262bc412235: Pulling fs layer
4c872ee11d8a: Pulling fs layer
4f4fb700ef54: Pulling fs layer
58f9673fed7b: Pulling fs layer
fe4196d71548: Pulling fs layer
2d45ce7b8f46: Pulling fs layer
1aa8c9185728: Pulling fs layer
2026.06.22-sha-2207d7f: Pulling from supabase/studio
2dbdb94c282e: Pulling fs layer
efb8c6bed1c3: Pulling fs layer
009217687f0b: Pulling fs layer
2612b50dac70: Pulling fs layer
cd78ab0ac3d9: Pulling fs layer
6b2a68bc0240: Pulling fs layer
753b614cca79: Pull complete
98207d5a4564: Pull complete
4c2077547a6f: Pull complete
735e7252498b: Pull complete
failed to display json stream: failed to extract layer (application/vnd.oci.image.layer.v1.tar+gzip sha256:a53e41a06c628b634d7baa42e93f68cd131280568b80502d710257e5b0d2b98a) to overlayfs as "extract-748155048-XtgV sha256:99eee87cf7986cb92f79213a16d7f20d7ab236abca7503e9309bfffbb3493a63": failed to convert whiteout file "tmp/.wh.libpg-query.tar.gz": operation not permitted
Retrying after 8s: ghcr.io/supabase/realtime:v2.108.0
failed to pull docker image: Error response from daemon: failed to resolve reference "ghcr.io/supabase/postgres-meta:v0.96.6": failed to do request: Head "https://ghcr.io/v2/supabase/postgres-meta/manifests/v0.96.6": dial tcp 140.82.112.34:443: i/o timeout
Retrying after 8s: ghcr.io/supabase/postgres-meta:v0.96.6
1.45.4: Pulling from supabase/logflare
b262bc412235: Pulling fs layer
2d45ce7b8f46: Pulling fs layer
1aa8c9185728: Pulling fs layer
fe4196d71548: Pulling fs layer
58f9673fed7b: Pulling fs layer
4c872ee11d8a: Pulling fs layer
4f4fb700ef54: Pulling fs layer
failed to display json stream: failed to extract layer (application/vnd.oci.image.layer.v1.tar+gzip sha256:efb8c6bed1c3f0689bd5d9cb415a22287a3162b0385d624ba26b2a4d24b9983b) to overlayfs as "extract-190655052-SnTD sha256:65bd69165a4b1dab944bd6def018b25447a6d80346ab2a9aafe8db3b2e1ad763": failed to convert whiteout file "var/lib/apt/lists/.wh.auxfiles": operation not permitted
Retrying after 8s: supabase/studio:2026.06.22-sha-2207d7f
v1.61.3: Pulling from supabase/storage-api
653896432f81: Pulling fs layer
974e5f264dd7: Pulling fs layer
6da109a7da3c: Pulling fs layer
a1db97f30142: Pulling fs layer
16733d1099a5: Pulling fs layer
b27ca18074db: Pulling fs layer
09ddda476dba: Pulling fs layer
4996c558ce2b: Pulling fs layer
0d8aa8e026f1: Pulling fs layer
9b530af76924: Pulling fs layer
d2f04496a183: Pulling fs layer
52cd27cac02e: Pulling fs layer
v2.108.0: Pulling from supabase/realtime
4f4fb700ef54: Pulling fs layer
753b614cca79: Pulling fs layer
735e7252498b: Pulling fs layer
8aa1fcdacf29: Pulling fs layer
d3f557879920: Pulling fs layer
00e5a0d84ec7: Pulling fs layer
8d1e059814b8: Pulling fs layer
4c2077547a6f: Pulling fs layer
98207d5a4564: Pulling fs layer
5c32499ab806: Pulling fs layer
a53e41a06c62: Pulling fs layer
bd8399e6d4bf: Pulling fs layer
4f4fb700ef54: Already exists
4f4fb700ef54: Pull complete
8d1e059814b8: Download complete
8aa1fcdacf29: Download complete
d3f557879920: Download complete
98207d5a4564: Download complete
a53e41a06c62: Download complete
4c2077547a6f: Download complete
bd8399e6d4bf: Download complete
f3420c52c7ea: Download complete
00e5a0d84ec7: Download complete
735e7252498b: Download complete
5c32499ab806: Download complete
failed to display json stream: failed to extract layer (application/vnd.oci.image.layer.v1.tar+gzip sha256:4c872ee11d8aa9a9abdf053a637e8b44fc3978211ab3305021f25edb17b00fff) to overlayfs as "extract-526952118-rgpn sha256:77367c9d82cbddb71b653868f3d054abdcb9abaa08077db6e32d72c0af69e68e": failed to convert whiteout file "opt/app/rel/logflare/bin/.wh.priv": operation not permitted
Retrying after 4s: supabase/logflare:1.45.4
v0.96.6: Pulling from supabase/postgres-meta
2026.06.22-sha-2207d7f: Pulling from supabase/studio
753b614cca79: Download complete
2dbdb94c282e: Pulling fs layer
efb8c6bed1c3: Pulling fs layer
6b2a68bc0240: Pulling fs layer
cd78ab0ac3d9: Pulling fs layer
009217687f0b: Pulling fs layer
2612b50dac70: Pulling fs layer
5c32499ab806: Pull complete
90e6409bba99: Pulling fs layer
ff86ea2e5edc: Pulling fs layer
e54aec64c365: Pulling fs layer
804d4d68057c: Pulling fs layer
64cfb949317c: Pulling fs layer
3c02fd806613: Pulling fs layer
6b291c391b0f: Pulling fs layer
1cc42fcade0e: Pulling fs layer
cae77ffb92d9: Pulling fs layer
666018dcd023: Pulling fs layer
666018dcd023: Download complete
90e6409bba99: Download complete
73a3716cfa9b: Download complete
3c02fd806613: Download complete
1cc42fcade0e: Download complete
e54aec64c365: Download complete
64cfb949317c: Download complete
6b291c391b0f: Download complete
failed to display json stream: failed to extract layer (application/vnd.oci.image.layer.v1.tar+gzip sha256:a1db97f30142022b2489fb419d8bcc3e070c5f3a64bcc55f0444ad4aca4333ae) to overlayfs as "extract-425768866-ELYW sha256:88dcf5b3c74e5ece21a31576d56f12a11bc4f4387390b19b4ccc4f222d9b36fc": failed to convert whiteout file "usr/local/lib/node_modules/npm/.wh..npmrc": operation not permitted
Retrying after 4s: supabase/storage-api:v1.61.3
ff86ea2e5edc: Download complete
cae77ffb92d9: Download complete
1.45.4: Pulling from supabase/logflare
b262bc412235: Pulling fs layer
fe4196d71548: Pulling fs layer
4c872ee11d8a: Pulling fs layer
2d45ce7b8f46: Pulling fs layer
58f9673fed7b: Pulling fs layer
1aa8c9185728: Pulling fs layer
4f4fb700ef54: Pulling fs layer
804d4d68057c: Download complete
753b614cca79: Pull complete
735e7252498b: Pull complete
98207d5a4564: Pull complete
4c2077547a6f: Pull complete
v2.108.0: Pulling from supabase/realtime
4f4fb700ef54: Pulling fs layer
5c32499ab806: Pulling fs layer
753b614cca79: Pulling fs layer
735e7252498b: Pulling fs layer
98207d5a4564: Pulling fs layer
4c2077547a6f: Pulling fs layer
a53e41a06c62: Pulling fs layer
bd8399e6d4bf: Pulling fs layer
8aa1fcdacf29: Pulling fs layer
d3f557879920: Pulling fs layer
00e5a0d84ec7: Pulling fs layer
8d1e059814b8: Pulling fs layer
ff86ea2e5edc: Pull complete
e54aec64c365: Pull complete
v1.61.3: Pulling from supabase/storage-api
653896432f81: Pulling fs layer
16733d1099a5: Pulling fs layer
09ddda476dba: Pulling fs layer
0d8aa8e026f1: Pulling fs layer
d2f04496a183: Pulling fs layer
52cd27cac02e: Pulling fs layer
6da109a7da3c: Pulling fs layer
974e5f264dd7: Pulling fs layer
a1db97f30142: Pulling fs layer
b27ca18074db: Pulling fs layer
4996c558ce2b: Pulling fs layer
9b530af76924: Pulling fs layer
804d4d68057c: Pull complete
64cfb949317c: Pull complete
3c02fd806613: Pull complete
v0.96.6: Pulling from supabase/postgres-meta
90e6409bba99: Pulling fs layer
ff86ea2e5edc: Pulling fs layer
e54aec64c365: Pulling fs layer
804d4d68057c: Pulling fs layer
64cfb949317c: Pulling fs layer
3c02fd806613: Pulling fs layer
6b291c391b0f: Pulling fs layer
1cc42fcade0e: Pulling fs layer
cae77ffb92d9: Pulling fs layer
666018dcd023: Pulling fs layer
1cc42fcade0e: Download complete
666018dcd023: Download complete
90e6409bba99: Download complete
3c02fd806613: Download complete
64cfb949317c: Download complete
e54aec64c365: Download complete
6b291c391b0f: Download complete
73a3716cfa9b: Download complete
ff86ea2e5edc: Download complete
cae77ffb92d9: Download complete
804d4d68057c: Download complete
failed to display json stream: failed to extract layer (application/vnd.oci.image.layer.v1.tar+gzip sha256:a53e41a06c628b634d7baa42e93f68cd131280568b80502d710257e5b0d2b98a) to overlayfs as "extract-936457949-wqPb sha256:99eee87cf7986cb92f79213a16d7f20d7ab236abca7503e9309bfffbb3493a63": failed to convert whiteout file "tmp/.wh.libpg-query.tar.gz": operation not permitted
Retrying after 4s: supabase/realtime:v2.108.0
e54aec64c365: Pull complete
ff86ea2e5edc: Pull complete
failed to display json stream: failed to extract layer (application/vnd.oci.image.layer.v1.tar+gzip sha256:4c872ee11d8aa9a9abdf053a637e8b44fc3978211ab3305021f25edb17b00fff) to overlayfs as "extract-868496959-6XCK sha256:77367c9d82cbddb71b653868f3d054abdcb9abaa08077db6e32d72c0af69e68e": failed to convert whiteout file "opt/app/rel/logflare/bin/.wh.priv": operation not permitted
Retrying after 8s: supabase/logflare:1.45.4
v2.108.0: Pulling from supabase/realtime
804d4d68057c: Pull complete
64cfb949317c: Pull complete
3c02fd806613: Pull complete
4f4fb700ef54: Pulling fs layer
5c32499ab806: Pulling fs layer
753b614cca79: Pulling fs layer
735e7252498b: Pulling fs layer
98207d5a4564: Pulling fs layer
4c2077547a6f: Pulling fs layer
a53e41a06c62: Pulling fs layer
d3f557879920: Pulling fs layer
bd8399e6d4bf: Pulling fs layer
8aa1fcdacf29: Pulling fs layer
8d1e059814b8: Pulling fs layer
00e5a0d84ec7: Pulling fs layer
failed to display json stream: failed to extract layer (application/vnd.oci.image.layer.v1.tar+gzip sha256:a1db97f30142022b2489fb419d8bcc3e070c5f3a64bcc55f0444ad4aca4333ae) to overlayfs as "extract-983872647-Hgoy sha256:88dcf5b3c74e5ece21a31576d56f12a11bc4f4387390b19b4ccc4f222d9b36fc": failed to convert whiteout file "usr/local/lib/node_modules/npm/.wh..npmrc": operation not permitted
Retrying after 8s: supabase/storage-api:v1.61.3
failed to display json stream: failed to extract layer (application/vnd.oci.image.layer.v1.tar+gzip sha256:6b291c391b0f4319f387b2b95f812639bf48ed5eda50d7435c93607dd7a7fade) to overlayfs as "extract-291130002-8d3Y sha256:887035bdf1cebc9c005b74a684642bc1976788ba40acd69f68a2631ebf6edd99": failed to convert whiteout file "var/lib/apt/lists/.wh.auxfiles": operation not permitted
Retrying after 4s: supabase/postgres-meta:v0.96.6
v0.96.6: Pulling from supabase/postgres-meta
3c02fd806613: Pulling fs layer
e54aec64c365: Pulling fs layer
ff86ea2e5edc: Pulling fs layer
804d4d68057c: Pulling fs layer
64cfb949317c: Pulling fs layer
90e6409bba99: Pulling fs layer
6b291c391b0f: Pulling fs layer
1cc42fcade0e: Pulling fs layer
cae77ffb92d9: Pulling fs layer
666018dcd023: Pulling fs layer
failed to display json stream: failed to extract layer (application/vnd.oci.image.layer.v1.tar+gzip sha256:a53e41a06c628b634d7baa42e93f68cd131280568b80502d710257e5b0d2b98a) to overlayfs as "extract-639515699-l3ce sha256:99eee87cf7986cb92f79213a16d7f20d7ab236abca7503e9309bfffbb3493a63": failed to convert whiteout file "tmp/.wh.libpg-query.tar.gz": operation not permitted
Retrying after 8s: supabase/realtime:v2.108.0
1.45.4: Pulling from supabase/logflare
b262bc412235: Pulling fs layer
4c872ee11d8a: Pulling fs layer
58f9673fed7b: Pulling fs layer
4f4fb700ef54: Pulling fs layer
2d45ce7b8f46: Pulling fs layer
1aa8c9185728: Pulling fs layer
fe4196d71548: Pulling fs layer
v1.61.3: Pulling from supabase/storage-api
d2f04496a183: Pulling fs layer
52cd27cac02e: Pulling fs layer
a1db97f30142: Pulling fs layer
6da109a7da3c: Pulling fs layer
974e5f264dd7: Pulling fs layer
4996c558ce2b: Pulling fs layer
b27ca18074db: Pulling fs layer
9b530af76924: Pulling fs layer
653896432f81: Pulling fs layer
v2.108.0: Pulling from supabase/realtime
failed to display json stream: failed to extract layer (application/vnd.oci.image.layer.v1.tar+gzip sha256:6b291c391b0f4319f387b2b95f812639bf48ed5eda50d7435c93607dd7a7fade) to overlayfs as "extract-318705465-Pv2z sha256:887035bdf1cebc9c005b74a684642bc1976788ba40acd69f68a2631ebf6edd99": failed to convert whiteout file "var/lib/apt/lists/.wh.auxfiles": operation not permitted
Retrying after 8s: supabase/postgres-meta:v0.96.6
4f4fb700ef54: Pulling fs layer
4c2077547a6f: Pulling fs layer
5c32499ab806: Pulling fs layer
bd8399e6d4bf: Pulling fs layer
8aa1fcdacf29: Pulling fs layer
753b614cca79: Pulling fs layer
d3f557879920: Pulling fs layer
00e5a0d84ec7: Pulling fs layer
98207d5a4564: Pulling fs layer
735e7252498b: Pulling fs layer
a53e41a06c62: Pulling fs layer
8d1e059814b8: Pulling fs layer
4f4fb700ef54: Already exists
4f4fb700ef54: Pull complete
8aa1fcdacf29: Download complete
bd8399e6d4bf: Download complete
8d1e059814b8: Download complete
98207d5a4564: Download complete
d3f557879920: Download complete
4c2077547a6f: Download complete
a53e41a06c62: Download complete
f3420c52c7ea: Download complete
00e5a0d84ec7: Download complete
5c32499ab806: Download complete
5c32499ab806: Pull complete
735e7252498b: Download complete
753b614cca79: Download complete
v0.96.6: Pulling from supabase/postgres-meta
90e6409bba99: Pulling fs layer
ff86ea2e5edc: Pulling fs layer
e54aec64c365: Pulling fs layer
804d4d68057c: Pulling fs layer
64cfb949317c: Pulling fs layer
3c02fd806613: Pulling fs layer
6b291c391b0f: Pulling fs layer
1cc42fcade0e: Pulling fs layer
cae77ffb92d9: Pulling fs layer
666018dcd023: Pulling fs layer
753b614cca79: Pull complete
735e7252498b: Pull complete
98207d5a4564: Pull complete
4c2077547a6f: Pull complete
Stopping containers...
failed to pull docker image from all registries: public.ecr.aws/supabase/realtime:v2.108.0: failed to display json stream: failed to extract layer (application/vnd.oci.image.layer.v1.tar+gzip sha256:a53e41a06c628b634d7baa42e93f68cd131280568b80502d710257e5b0d2b98a) to overlayfs as "extract-955093409-jHZ4 sha256:99eee87cf7986cb92f79213a16d7f20d7ab236abca7503e9309bfffbb3493a63": failed to convert whiteout file "tmp/.wh.libpg-query.tar.gz": operation not permitted
ghcr.io/supabase/realtime:v2.108.0: failed to display json stream: failed to extract layer (application/vnd.oci.image.layer.v1.tar+gzip sha256:a53e41a06c628b634d7baa42e93f68cd131280568b80502d710257e5b0d2b98a) to overlayfs as "extract-765471430-dhhI sha256:99eee87cf7986cb92f79213a16d7f20d7ab236abca7503e9309bfffbb3493a63": failed to convert whiteout file "tmp/.wh.libpg-query.tar.gz": operation not permitted
supabase/realtime:v2.108.0: failed to display json stream: failed to extract layer (application/vnd.oci.image.layer.v1.tar+gzip sha256:a53e41a06c628b634d7baa42e93f68cd131280568b80502d710257e5b0d2b98a) to overlayfs as "extract-688219415--WMM sha256:99eee87cf7986cb92f79213a16d7f20d7ab236abca7503e9309bfffbb3493a63": failed to convert whiteout file "tmp/.wh.libpg-query.tar.gz": operation not permitted
failed to pull docker image from all registries: public.ecr.aws/supabase/storage-api:v1.61.3: failed to display json stream: failed to extract layer (application/vnd.oci.image.layer.v1.tar+gzip sha256:a1db97f30142022b2489fb419d8bcc3e070c5f3a64bcc55f0444ad4aca4333ae) to overlayfs as "extract-343110968-VKhd sha256:88dcf5b3c74e5ece21a31576d56f12a11bc4f4387390b19b4ccc4f222d9b36fc": failed to convert whiteout file "usr/local/lib/node_modules/npm/.wh..npmrc": operation not permitted
ghcr.io/supabase/storage-api:v1.61.3: failed to pull docker image: Error response from daemon: failed to resolve reference "ghcr.io/supabase/storage-api:v1.61.3": failed to do request: Head "https://ghcr.io/v2/supabase/storage-api/manifests/v1.61.3": dial tcp 140.82.112.34:443: i/o timeout
supabase/storage-api:v1.61.3: failed to display json stream: failed to extract layer (application/vnd.oci.image.layer.v1.tar+gzip sha256:a1db97f30142022b2489fb419d8bcc3e070c5f3a64bcc55f0444ad4aca4333ae) to overlayfs as "extract-42650032-gNrn sha256:88dcf5b3c74e5ece21a31576d56f12a11bc4f4387390b19b4ccc4f222d9b36fc": failed to convert whiteout file "usr/local/lib/node_modules/npm/.wh..npmrc": operation not permitted
failed to pull docker image from all registries: public.ecr.aws/supabase/studio:2026.06.22-sha-2207d7f: failed to display json stream: failed to extract layer (application/vnd.oci.image.layer.v1.tar+gzip sha256:efb8c6bed1c3f0689bd5d9cb415a22287a3162b0385d624ba26b2a4d24b9983b) to overlayfs as "extract-723755806-pToW sha256:65bd69165a4b1dab944bd6def018b25447a6d80346ab2a9aafe8db3b2e1ad763": failed to convert whiteout file "var/lib/apt/lists/.wh.auxfiles": operation not permitted
ghcr.io/supabase/studio:2026.06.22-sha-2207d7f: failed to display json stream: failed to extract layer (application/vnd.oci.image.layer.v1.tar+gzip sha256:efb8c6bed1c3f0689bd5d9cb415a22287a3162b0385d624ba26b2a4d24b9983b) to overlayfs as "extract-748677439-sYzX sha256:65bd69165a4b1dab944bd6def018b25447a6d80346ab2a9aafe8db3b2e1ad763": failed to convert whiteout file "var/lib/apt/lists/.wh.auxfiles": operation not permitted
supabase/studio:2026.06.22-sha-2207d7f: failed to display json stream: failed to extract layer (application/vnd.oci.image.layer.v1.tar+gzip sha256:efb8c6bed1c3f0689bd5d9cb415a22287a3162b0385d624ba26b2a4d24b9983b) to overlayfs as "extract-603889523-jtRH sha256:65bd69165a4b1dab944bd6def018b25447a6d80346ab2a9aafe8db3b2e1ad763": failed to convert whiteout file "var/lib/apt/lists/.wh.auxfiles": operation not permitted
failed to pull docker image from all registries: public.ecr.aws/supabase/logflare:1.45.4: failed to display json stream: failed to extract layer (application/vnd.oci.image.layer.v1.tar+gzip sha256:4c872ee11d8aa9a9abdf053a637e8b44fc3978211ab3305021f25edb17b00fff) to overlayfs as "extract-430753723-r1Kw sha256:77367c9d82cbddb71b653868f3d054abdcb9abaa08077db6e32d72c0af69e68e": failed to convert whiteout file "opt/app/rel/logflare/bin/.wh.priv": operation not permitted
ghcr.io/supabase/logflare:1.45.4: failed to display json stream: failed to extract layer (application/vnd.oci.image.layer.v1.tar+gzip sha256:4c872ee11d8aa9a9abdf053a637e8b44fc3978211ab3305021f25edb17b00fff) to overlayfs as "extract-475483864-eupQ sha256:77367c9d82cbddb71b653868f3d054abdcb9abaa08077db6e32d72c0af69e68e": failed to convert whiteout file "opt/app/rel/logflare/bin/.wh.priv": operation not permitted
supabase/logflare:1.45.4: failed to display json stream: failed to extract layer (application/vnd.oci.image.layer.v1.tar+gzip sha256:4c872ee11d8aa9a9abdf053a637e8b44fc3978211ab3305021f25edb17b00fff) to overlayfs as "extract-850171720-0WmP sha256:77367c9d82cbddb71b653868f3d054abdcb9abaa08077db6e32d72c0af69e68e": failed to convert whiteout file "opt/app/rel/logflare/bin/.wh.priv": operation not permitted
failed to pull docker image from all registries: public.ecr.aws/supabase/kong:2.8.1: failed to display json stream: failed to extract layer (application/vnd.docker.image.rootfs.diff.tar.gzip sha256:531e3bd93090d08ef911bb2c8320f2fef2428ef96597535a55111fda18efde52) to overlayfs as "extract-455602189-YGUK sha256:76e66cec8435ad1db5b948618a4d99bb66a837f1e274dedd9dfa2a549422db99": failed to convert whiteout file "tmp/.wh.kong.tar.gz": operation not permitted
ghcr.io/supabase/kong:2.8.1: failed to display json stream: failed to extract layer (application/vnd.docker.image.rootfs.diff.tar.gzip sha256:531e3bd93090d08ef911bb2c8320f2fef2428ef96597535a55111fda18efde52) to overlayfs as "extract-140339668-Ttec sha256:76e66cec8435ad1db5b948618a4d99bb66a837f1e274dedd9dfa2a549422db99": failed to convert whiteout file "tmp/.wh.kong.tar.gz": operation not permitted
supabase/kong:2.8.1: failed to pull docker image: Error response from daemon: pull access denied for supabase/kong, repository does not exist or may require 'docker login'
failed to pull docker image from all registries: public.ecr.aws/supabase/postgres-meta:v0.96.6: failed to display json stream: failed to extract layer (application/vnd.oci.image.layer.v1.tar+gzip sha256:6b291c391b0f4319f387b2b95f812639bf48ed5eda50d7435c93607dd7a7fade) to overlayfs as "extract-554840384-1UrH sha256:887035bdf1cebc9c005b74a684642bc1976788ba40acd69f68a2631ebf6edd99": failed to convert whiteout file "var/lib/apt/lists/.wh.auxfiles": operation not permitted
ghcr.io/supabase/postgres-meta:v0.96.6: failed to display json stream: failed to extract layer (application/vnd.oci.image.layer.v1.tar+gzip sha256:6b291c391b0f4319f387b2b95f812639bf48ed5eda50d7435c93607dd7a7fade) to overlayfs as "extract-505377342-92yy sha256:887035bdf1cebc9c005b74a684642bc1976788ba40acd69f68a2631ebf6edd99": failed to convert whiteout file "var/lib/apt/lists/.wh.auxfiles": operation not permitted
supabase/postgres-meta:v0.96.6: failed to display json stream: failed to extract layer (application/vnd.oci.image.layer.v1.tar+gzip sha256:6b291c391b0f4319f387b2b95f812639bf48ed5eda50d7435c93607dd7a7fade) to overlayfs as "extract-699837605-jvBx sha256:887035bdf1cebc9c005b74a684642bc1976788ba40acd69f68a2631ebf6edd99": failed to convert whiteout file "var/lib/apt/lists/.wh.auxfiles": operation not permitted
Try rerunning the command with --debug to troubleshoot the error.
